name,address,price,review_score,review_count,Vị trí,Dịch vụ,Đáng giá tiền,Cơ sở vật chất,Độ sạch sẽ,host_review_score,bep,bua_sang,san_gon,may_giat,dua_don_san_bay,phong_tap,don_phong_hang_ngay,duoc_phep_mang_thu_nuoi,bai_do_xe,Giá trước,Giá sau
Khách sạn Minh Anh Gò Vấp (Khách sạn Minh Anh Gò Vấp ),"No. 65, Street No. 1, Thong Nhat, Ward 11, Go Vap, Ho Chi Minh City, Gò Vấp, Hồ Chí Minh, Việt Nam, 700000",Không có giá,"8,3",150,8.9,9.3,9.0,8.4,8.6,Không có đánh giá chủ nhà,0,0,0,0,0,0,1,1,1,Không có giá trước,462.963
Vinhome Grand Park HCM,"Vinhome Grand Park. 512 Nguyen Xien str., Long Thanh My ward , Thu Duc city, Ho Chi Minh city, Quận 9, Hồ Chí Minh, Việt Nam",Không có giá,"7,8",213,8.1,8.3,8.0,7.9,8.1,Không có đánh giá chủ nhà,1,0,0,0,0,1,0,1,1,392.808,275.735
Hotel Trung Mai,"15 Truong Hoang Thanh Str., Tân Bình, Hồ Chí Minh, Việt Nam, 700000",Không có giá,"7,6",33,2.0,2.0,2.0,2.0,2.0,Không có đánh giá chủ nhà,0,0,0,0,0,0,1,1,1,708.468,421.883
KHÁCH SẠN LA VELA SÀI GÒN (LA VELA SAIGON HOTEL),"Nam Kỳ Khởi Nghĩa, Quận 3, Hồ Chí Minh, Việt Nam, 700000",Không có giá,"8,9",25022,8.9,9.2,9.0,9.2,9.2,Không có đánh giá chủ nhà,1,1,1,0,1,1,1,1,1,Không có giá trước,Không có giá sau
Cozrum Homes - Sonata Residence,"No. 41, Nguyen Thi Thap, Tan Phu Ward, District 7, Quận 7, Hồ Chí Minh, Việt Nam",Không có giá,"7,3",5027,7.6,7.8,7.7,7.4,7.3,Không có đánh giá chủ nhà,1,1,1,0,0,1,1,1,1,2.000.000,782.739
Khách Sạn King Sài Gòn Sân Bay (King Hotel Saigon Airport),"25/22 Cuu Long Street, Ward 2 , Tan Binh District. Hcm City, Tân Bình, Hồ Chí Minh, Việt Nam, 700000",Không có giá,"7,3",710,7.9,7.9,7.4,7.0,7.2,Không có đánh giá chủ nhà,1,1,0,0,1,0,1,1,1,Không có giá trước,697.726
Phong Lan 2 Hotel,"24A, Quang Trung, Phường Hiệp Phú, TP Thủ Đức, TPHCM, Quận 9, Hồ Chí Minh, Việt Nam, 700000",Không có giá,"7,9",176,8.0,8.3,7.9,7.7,7.9,Không có đánh giá chủ nhà,0,0,0,0,0,0,1,1,1,812.446,371.598
Start House Coliving,"B50 Bạch Đằng, Tân Bình, Hồ Chí Minh, Việt Nam, 72108",Không có giá,"8,5",633,8.6,9.0,8.2,8.0,8.5,Không có đánh giá chủ nhà,1,0,0,0,0,0,1,1,1,Không có giá trước,207.407
GOLDEN SUN 3 APARTMENTS,"63 Đ. Phan Khiêm Ích, Tân Phong, GOLDEN SUN 3 APARTMENTS, Quận 7, Hồ Chí Minh, Việt Nam, 700000",Không có giá,"8,2",97,9.1,8.9,8.6,7.6,8.0,Không có đánh giá chủ nhà,1,0,0,0,0,0,1,1,1,900.000,677.877
Khách sạn Hà My (Ha My Hotel),"32 đường số 6, phường Linh Trung, quận Thủ Đức, thành phố Hồ Chí Minh (gần trường ĐH Ngân Hàng trên đường Hoàng Diệu 2), Thủ Đức, Hồ Chí Minh, Việt Nam, 700000",Không có giá,"8,0",397,8.4,8.2,8.2,7.9,8.2,Không có đánh giá chủ nhà,1,0,0,0,0,0,1,1,1,361.357,302.007
Khách Sạn Blue Airport (The Blue Airport Hotel),"2/37 Phan Thuc Duyen, Ward 4, Tan Binh Dist, Tân Bình, Hồ Chí Minh, Việt Nam, 70000",Không có giá,"7,1",1709,7.5,7.3,7.1,6.8,7.3,Không có đánh giá chủ nhà,0,0,0,0,0,1,1,1,1,Không có giá trước,749.559
SKY STAR HOTEL,"No. 33, Street No. 21, Ward 8, Go Vap District, Ho Chi Minh City, Vietnam, Gò Vấp, Hồ Chí Minh, Việt Nam, 700000",Không có giá,"8,3",216,8.7,9.0,8.5,8.6,8.8,Không có đánh giá chủ nhà,1,0,1,0,1,0,1,1,1,1.551.818,615.841
Khách Sạn & Căn Hộ T-Ritz Sài Gòn (T-Ritz Saigon Hotel & Apartment),"20 - 22 Phạm Ngọc Thạch, Quận 3, Thành phố Hồ Chí Minh, Việt Nam, Quận 3, Hồ Chí Minh, Việt Nam, 700000",Không có giá,"8,8",3856,8.8,8.8,8.8,8.4,9.2,Không có đánh giá chủ nhà,1,1,1,0,1,1,1,1,1,Không có giá trước,6.137.566
TalaSaiGon Hotel,"36 Yên Thế, Phường 2, Tân Bình, Hồ Chí Minh, Việt Nam, 70000",Không có giá,"9,0",139,9.6,9.7,9.6,9.5,9.7,Không có đánh giá chủ nhà,0,0,0,0,1,0,1,1,1,1.824.845,560.858
Khách sạn LOTTE Sài Gòn (LOTTE HOTEL SAIGON),"2A-4A Tôn Đức Thắng, Quận 1, Quận 1, Hồ Chí Minh, Việt Nam,",Không có giá,"9,0",9260,9.0,9.3,8.9,9.0,9.3,Không có đánh giá chủ nhà,1,1,0,0,1,1,1,1,1,Không có giá trước,Không có giá sau
MDHOTEL 2,"105/16 Nguyen Thi Tu Street, Binh Hung Hoa B Ward, Binh Tan District, Ho Chi Minh City, V, Bình Tân, Hồ Chí Minh, Việt Nam, 71900",Không có giá,"7,3",373,7.9,8.0,8.1,7.5,7.8,Không có đánh giá chủ nhà,0,0,0,0,0,0,1,1,1,384.023,296.296
Khách Sạn Trần Long,"50 Đường Nguyễn Thị Nhuần, Quận 12, Hồ Chí Minh, Việt Nam",Không có giá,"6,6",12,7.3,7.3,8.7,7.3,9.3,Không có đánh giá chủ nhà,0,0,0,0,0,0,1,1,0,296.070,244.504
Loove Hotel - Khách Sạn Tình Yêu,"LOOVE HOTEL 2, No. 18, Pham Cong Tru Street, Thanh My Loi Ward, Thu Duc City, Ho Chi Minh City, Quận 2, Hồ Chí Minh, Việt Nam, 70000",Không có giá,"8,0",312,7.8,8.7,8.6,8.2,8.4,Không có đánh giá chủ nhà,0,0,0,0,0,0,1,1,1,925.256,297.025
Cozrum Homes - Cozytel Residence,"No. 16A, 5/257 Lê Đình Cẩn, Tan Tao Ward, Binh Tan District, Ho Chi Minh City, Bình Tân, Hồ Chí Minh, Việt Nam",Không có giá,"8,0",417,7.9,8.0,8.7,8.5,8.9,Không có đánh giá chủ nhà,0,0,0,1,0,0,1,1,1,1.111.800,395.132
OYO 752 Mặt Trời Vàng (OYO 752 Mat Troi Vang),"44/12 Vuon Lai, Phuong Tan Thanh, Quan Tan Phu, Thanh pho Ho Chi Minh Vietnam, Tân Phú, Hồ Chí Minh, Việt Nam, 700000",Không có giá,"5,5",41,3.3,5.0,3.5,3.0,2.7,Không có đánh giá chủ nhà,0,0,0,0,0,0,1,1,1,Không có giá trước,234.667
Khách Sạn OYO 616 Cường Thanh 1 (OYO 616 Cuong Thanh 1 Hotel),"42/2, Tran Thien Chanh, Phuong 12, Quan 10, Ho Chi Minh, Quận 10, Hồ Chí Minh, Việt Nam, 700000",Không có giá,"7,8",17,8.0,8.4,8.3,7.5,7.9,Không có đánh giá chủ nhà,0,0,0,0,0,1,1,1,1,Không có giá trước,870.370
The Lumiere,"9 Lê Văn Huân, phường 13, Tân Bình, Hồ Chí Minh, Việt Nam, 700000",Không có giá,"7,9",878,8.3,8.0,8.1,7.7,7.9,Không có đánh giá chủ nhà,1,1,0,0,0,0,0,1,1,Không có giá trước,775.999
Căn hộ SpringHill - The High Class (SpringHill Apartment - The High Class),"31 Hung Gia 3, Tan Phong, District 7, Ho Chi Minh, Quận 7, Hồ Chí Minh, Việt Nam, 700000",Không có giá,"8,3",1110,8.7,8.5,8.4,8.3,8.3,Không có đánh giá chủ nhà,1,1,1,1,1,0,1,1,1,779.993,476.584
Khách sạn Hạ Long (Ha Long Hotel),"76 L Văn Ch , Thủ Đức, Hồ Chí Minh, Việt Nam, 720300",Không có giá,"8,5",253,Không có,Không có,Không có,Không có,Không có,Không có đánh giá chủ nhà,1,1,0,0,1,0,1,1,1,366.458,357.714
Signature by M Village Lê Thánh Tôn,"24 Le Thanh Ton street, Ben Nghe ward, District 1, Quận 1, Hồ Chí Minh, Việt Nam, 7000",Không có giá,"9,0",5399,9.5,9.5,9.1,8.9,9.4,Không có đánh giá chủ nhà,1,1,0,1,1,1,1,1,0,Không có giá trước,Không có giá sau
Khách Sạn Mi Linh (Mi Linh Hotel),"B38A Bạch Đằng, Phường 02, Quận Tân Bình , Tân Bình, Hồ Chí Minh, Việt Nam, 700000",Không có giá,"7,2",2992,8.0,7.5,7.6,6.1,6.6,Không có đánh giá chủ nhà,1,1,0,0,1,0,1,1,1,Không có giá trước,328.926
La Casa di Dicembre HCMC,"2 Trường Sa, Phường 17, Bình Thạnh, Hồ Chí Minh, Việt Nam",Không có giá,"9,0",264,9.2,9.8,9.6,9.3,9.5,Không có đánh giá chủ nhà,1,0,0,0,0,0,1,1,1,Không có giá trước,8.707.760
KHÁCH SẠN SÂN BAY GALAXY (GALAXY AIRPORT HOTEL),"38/6 Lam sơn,Phường 2, Quận Tân Bình,TP.Hồ Chí Minh, Tân Bình, Hồ Chí Minh, Việt Nam, 70000",Không có giá,"8,5",666,8.9,9.0,8.7,8.2,8.8,Không có đánh giá chủ nhà,0,0,0,0,0,0,1,1,1,750.000,430.561
Belvilla Comfort Stays Near SECC formerly Cozy Hotel,"R4 54, Hung Gia 2, Tan Phong, Quan 7, Thanh pho Ho Chi Minh, Viet Nam, Ho-Chi-Minh, Ho-Chi-Minh, Quận 7, Hồ Chí Minh, Việt Nam, 550000",Không có giá,"8,0",9,7.7,8.7,8.7,7.3,7.3,Không có đánh giá chủ nhà,1,0,0,0,0,0,1,1,1,Không có giá trước,Không có giá sau
THANH TAI HOTEL 1,"Số 17 đường Trần Thái Tông, phường 15, Tân Bình, Hồ Chí Minh, Việt Nam, 700000",Không có giá,"8,5",1869,8.5,8.9,8.9,8.6,8.7,Không có đánh giá chủ nhà,1,1,0,0,0,1,1,1,1,Không có giá trước,1.452.433
Townhouse District 10 Near Children Hospital 1 Formerly Cuong Thanh 3 Hotel,"252/43-45 Cao Thang, Phuong 12, Quan 10, Ho Chi Minhnullnull, Ho-Chi-Minh, Quận 10, Hồ Chí Minh, Việt Nam, 550000",Không có giá,"7,8",61,7.7,8.3,8.0,8.2,7.7,Không có đánh giá chủ nhà,1,0,0,0,0,0,1,1,1,Không có giá trước,1.584.835
Khách sạn sân bay Prague Sài Gòn (Prague Airport Hotel),"157 Bach Dang, Tân Bình, Hồ Chí Minh, Việt Nam, 70000",Không có giá,"8,8",1080,9.1,9.3,8.9,8.6,9.2,Không có đánh giá chủ nhà,0,0,1,0,0,1,1,1,1,1.300.000,738.430
Chotel Ben Thanh,"21B, Bui Thi Xuan, Phuong Ben Thanh, Quan 1, Quận 1, Hồ Chí Minh, Việt Nam, 000000",Không có giá,"8,4",7117,8.9,8.8,8.6,7.8,8.5,Không có đánh giá chủ nhà,0,0,0,0,0,0,1,1,1,1.567.673,1.291.518
Tan Thanh Cong Hotel,"117 Trần Bình Trọng, Quận 5, Quận 5, Hồ Chí Minh, Việt Nam",Không có giá,"7,4",48,7.2,7.3,7.7,6.4,7.2,Không có đánh giá chủ nhà,0,0,0,0,0,0,1,1,1,Không có giá trước,1.342.593
Rex Hotel Saigon,"141 Đại lộ Nguyễn Huệ, Quận 1, Quận 1, Hồ Chí Minh, Việt Nam, 701000",Không có giá,"8,5",8069,9.5,8.6,8.1,8.2,8.7,Không có đánh giá chủ nhà,1,1,1,0,1,1,1,1,1,Không có giá trước,Không có giá sau
Khách sạn La Cigale (La Cigale Hotel),"37-39 Hung Gia 1, Phu My Hung, Quận 7, Hồ Chí Minh, Việt Nam",Không có giá,"8,5",994,8.7,8.9,8.9,8.1,8.9,Không có đánh giá chủ nhà,1,0,0,1,0,0,1,1,1,Không có giá trước,Không có giá sau
Khách sạn Sân Bay Havana Collection O (Collection O Havana Airport Hotel),"Cuu Long, Phuong 2, Quan Tan Binh, Thanh Pho Ho Chi Minh, Viet Nam, Ho-Chi-Minh, Tân Bình, Hồ Chí Minh, Việt Nam, 70000",Không có giá,"7,1",1206,7.8,7.3,7.2,6.8,7.1,Không có đánh giá chủ nhà,0,1,0,1,0,0,1,1,1,2.048.559,901.161
Khách sạn Như Ý (Nhu Y Hotel),"No. 185, Street No. 16, Binh Tan District, Ho Chi Minh City, Bình Tân, Hồ Chí Minh, Việt Nam, 70000 – 74000",Không có giá,"8,1",402,8.3,8.6,8.3,7.8,8.2,Không có đánh giá chủ nhà,0,0,0,0,0,0,1,1,1,600.000,337.639
Alleyway Home,"162/7 Bui Thi Xuan, Pham Ngu Lao Ward, District 1, Quận 1, Hồ Chí Minh, Việt Nam, 700000",Không có giá,"6,0",597,6.6,6.6,6.1,5.7,5.8,Không có đánh giá chủ nhà,0,1,0,1,1,1,1,1,1,1.632.136,1.629.167
Thành Vinh Hotel & Apartment,"562 Song Hành Xa Lộ Hà Nội, Quận 9, Hồ Chí Minh, Việt Nam, 70000",Không có giá,"8,2",584,8.6,9.2,8.7,8.3,8.6,Không có đánh giá chủ nhà,1,0,0,0,1,0,1,1,1,910.784,495.025
Sumi Hotel Saigon,"139 Duong so 8, phuong 11, Go Vap, TP. Ho Chi Minh, Gò Vấp, Hồ Chí Minh, Việt Nam, 700000",Không có giá,"8,1",91,8.4,8.7,8.3,8.1,8.2,Không có đánh giá chủ nhà,0,0,0,0,1,0,0,1,1,491.714,305.782
Khách sạn Thanh Hồng (Khach San Thanh Hong),"No. 19, Xuân Diệu, Ward 4, Tân Bình District, Ho Chi Minh City, Tân Bình, Hồ Chí Minh, Việt Nam",Không có giá,"7,4",62,7.7,7.9,7.6,7.5,7.7,Không có đánh giá chủ nhà,0,0,0,0,0,0,0,1,1,398.599,274.167
Thanh Bình 2 Hotel (Thanh Binh 2 Hotel),"93 Đường Bờ Bao Tân Thắng, Tân Phú, Hồ Chí Minh, Việt Nam",Không có giá,"8,8",25,7.8,8.4,8.1,7.8,8.1,Không có đánh giá chủ nhà,0,0,0,0,0,0,0,1,1,Không có giá trước,277.778
Montana Hotel & Apartment Saigon Airport,"51B Hồng Hà, Phường 2, Montana Building, Tân Bình, Hồ Chí Minh, Việt Nam, 70000",Không có giá,"8,0",244,9.0,8.6,8.5,8.0,8.3,Không có đánh giá chủ nhà,0,0,0,0,1,1,1,1,1,983.470,780.078
Hoang Long Son 2 Hotel,"14,16,18 đường số 7, phường An Phú, quận 02, Tp Hồ Chí Minh, Quận 2, Hồ Chí Minh, Việt Nam, 70000",Không có giá,"7,7",382,7.7,8.1,7.7,7.1,7.4,Không có đánh giá chủ nhà,0,0,0,0,0,0,0,1,1,Không có giá trước,251.481
Khách sạn Hoa Đệ Nhất (Hoa De Nhat Hotel),"4/1/9-4/1/11 Hoàng Việt, Phường 4, Quận Tân Bình, Tân Bình, Hồ Chí Minh, Việt Nam, 700000",Không có giá,"7,0",481,7.5,7.4,7.2,6.7,7.0,Không có đánh giá chủ nhà,1,1,0,0,1,0,1,1,1,982.511,752.999
Green Riverside Hotel & Apartment,"89/21A Phan Huy Ich, Phuong 15 , Tân Bình, Hồ Chí Minh, Việt Nam, 72100",Không có giá,"8,7",117,8.8,9.3,8.9,8.7,8.6,Không có đánh giá chủ nhà,0,0,0,0,0,0,1,1,1,1.931.708,500.458
KHÁCH SẠN PRINCE (PRINCE HOTEL),"60, 21 Street, Ward 8, Go Vap District, Gò Vấp, Hồ Chí Minh, Việt Nam, 70000",Không có giá,"8,2",139,8.7,8.9,8.4,8.2,8.4,Không có đánh giá chủ nhà,0,0,0,0,0,0,1,1,1,723.714,569.296
Ramana Saigon Hotel,"323 L Văn Sỹ, Quận 3 , Quận 3, Hồ Chí Minh, Việt Nam,",Không có giá,"8,1",2528,8.1,8.3,8.2,8.0,8.2,Không có đánh giá chủ nhà,1,1,0,0,1,1,0,1,1,3.073.920,1.005.531
Nam Anh 3 Hotel,"61 Bàu Cát, Phường 14, Tân Bình, Hồ Chí Minh, Việt Nam",Không có giá,"7,0",38,7.1,7.5,6.6,6.2,6.6,Không có đánh giá chủ nhà,0,0,0,0,0,0,1,1,1,502.841,463.426
Yen Nam Hotel Nguyen Thai Son,"84/1, Street 1, Ward 4, Go Vap District, HCM City., Gò Vấp, Hồ Chí Minh, Việt Nam, 700000",Không có giá,"8,6",668,8.8,9.1,9.0,8.9,9.1,Không có đánh giá chủ nhà,1,0,0,0,0,0,1,1,0,828.101,582.303
Vinhomes Landmark 81,"Vinhome Central Park, 208 Nguyen Huu Canh, Binh Thanh, Bình Thạnh, Hồ Chí Minh, Việt Nam",Không có giá,"8,0",81,9.1,8.7,8.6,8.1,8.5,Không có đánh giá chủ nhà,1,0,1,1,1,1,1,1,1,Không có giá trước,10.300.000
Khu căn hộ cao cấp Sherwood Residence (Sherwood Residence),"127 Pasteur, Quận 3 , Quận 3, Hồ Chí Minh, Việt Nam, 700000",Không có giá,"9,1",4978,8.9,9.3,9.2,9.1,9.3,Không có đánh giá chủ nhà,1,1,0,1,1,1,1,1,0,Không có giá trước,Không có giá sau
Khách sạn 175 (Hotel 175 Saigon),"786B Nguyễn Kiệm, Phường 3, Quận Gò Vấp, Tp.HCM, Gò Vấp, Hồ Chí Minh, Việt Nam, 700000",Không có giá,"7,5",341,7.9,7.9,7.6,7.1,7.4,Không có đánh giá chủ nhà,0,1,0,0,0,0,1,1,1,Không có giá trước,1.827.256
Eros Hotel _Phan Huy Ích,"Phan Huy Ich, No. 8, Lane 331, Ward 14, Go Vap, 331/8 phường 14, Gò Vấp, Hồ Chí Minh, Việt Nam, 71418",Không có giá,"7,7",52,8.5,8.8,8.6,8.5,8.4,Không có đánh giá chủ nhà,0,0,0,0,0,0,1,1,1,Không có giá trước,Không có giá sau
THE QUEENDOR BOUTIQUE HOTEL,"2 Quách Văn Tuấn, Tân Bình, Hồ Chí Minh, Việt Nam, 70000",Không có giá,"8,3",718,8.7,8.8,8.4,8.0,8.5,Không có đánh giá chủ nhà,1,1,1,0,1,1,1,1,1,1.085.719,1.064.389
RUBY STAR HOTEL,"43 Trương Định, Quận 3, Hồ Chí Minh, Việt Nam, 700000",Không có giá,"7,7",521,8.6,8.2,8.1,7.7,7.9,Không có đánh giá chủ nhà,0,0,0,0,0,0,1,1,1,Không có giá trước,5.555.556
Khách sạn Như Huỳnh (Nhu Huynh Hotel),"183, 183 Song Hanh, Phuong 10, Quan 6, Ho-Chi-Minh, Quận 6, Hồ Chí Minh, Việt Nam, 700000",Không có giá,"5,4",139,5.5,5.6,5.3,4.7,5.0,Không có đánh giá chủ nhà,0,0,0,0,1,0,0,1,1,255.813,240.046
Windsor Plaza Hotel,"18 An Dương Vương, Phường 9, Quận 5, Thành phố Hồ Chí Minh, Việt Nam, Quận 5, Hồ Chí Minh, Việt Nam, 700000",Không có giá,"8,5",7823,8.3,8.7,8.5,8.5,8.8,Không có đánh giá chủ nhà,1,1,1,0,1,1,1,1,1,4.500.000,1.948.854
Hotel Như ý Biên Hòa (Hotel Nhu y Bien Hoa),"607 Huỳnh Văn Nghệ, Phường Bửu Long, Biên Hòa, Đồng Nai, Quận 3, Hồ Chí Minh, Việt Nam",Không có giá,"8,7",419,8.5,8.9,8.9,8.6,8.8,Không có đánh giá chủ nhà,1,1,0,0,0,0,1,1,1,326.870,300.000
Tahami Hotel Thu Duc,"1A Đ. D2, Thủ Đức, Hồ Chí Minh, Việt Nam, 700000",Không có giá,"6,2",135,6.7,6.2,6.0,5.7,5.9,Không có đánh giá chủ nhà,0,0,0,0,0,0,1,1,1,643.572,444.124
Cozrum Homes - Retro House,"The Alley 520 No 1 , Ng Gia Tự, Ward 09, District 5 , Quận 5, Hồ Chí Minh, Việt Nam, 08400001",Không có giá,"7,7",805,8.5,8.1,8.0,8.1,8.0,Không có đánh giá chủ nhà,1,0,0,0,0,0,0,1,1,Không có giá trước,Không có giá sau
Caravelle Saigon Hotel,"19-23 Công Trường Lam Sơn, Quận 1 , Quận 1, Hồ Chí Minh, Việt Nam,",Không có giá,"8,9",7660,9.5,9.0,8.5,8.8,9.1,Không có đánh giá chủ nhà,1,1,0,0,1,1,1,1,1,Không có giá trước,Không có giá sau
Khách sạn Lucky Liên Phường (Lucky Hotel Lien Phuong),"No 85-87, 06 street, Phu Huu ward, District 9, Quận 9, Hồ Chí Minh, Việt Nam, 700000",Không có giá,"7,6",215,7.8,8.0,7.9,7.7,7.8,Không có đánh giá chủ nhà,0,0,0,0,0,0,1,1,1,363.000,271.331
Yên House 09 (Yen House 09),"246/45 Đồng Đen, Phường 10, Tân Bình, Hồ Chí Minh, Việt Nam",Không có giá,"7,8",71,8.6,8.2,8.3,7.7,8.0,Không có đánh giá chủ nhà,0,0,0,0,0,0,0,1,1,354.633,351.852
Khách sạn Sân bay Sunflowers (Sunflowers Hotel Airport ),"18 Lam Sơn, Quận Tân Bình, Tân Bình, Hồ Chí Minh, Việt Nam",Không có giá,"7,5",706,8.1,7.8,7.7,7.0,7.4,Không có đánh giá chủ nhà,0,0,0,0,1,1,1,1,1,626.236,559.387
Khách Sạn Kadupul (Kadupul Hotel),"212 Nguyen Thai Son Street, Ward 1, Gò Vấp, Hồ Chí Minh, Việt Nam, 71408",Không có giá,"7,8",192,7.9,7.4,7.9,7.2,7.7,Không có đánh giá chủ nhà,0,1,0,0,0,0,1,1,1,585.416,451.388
khách sạn Vạn Thành Đạt (khach san Van Thanh Đat),"959 Đường Nguyễn Ảnh Thủ, Quận 12, Hồ Chí Minh, Việt Nam",Không có giá,"8,4",40,7.8,7.4,7.6,7.4,7.4,Không có đánh giá chủ nhà,0,0,0,0,0,0,1,1,1,Không có giá trước,259.259
Khách sạn Enjoy 5A (Enjoy Hotel 5A),"So 2 Duong 5A khu dan cu Trung Son,, Bình Hưng, Hồ Chí Minh, Việt Nam, 700000",Không có giá,"8,2",269,8.4,8.1,8.5,8.1,8.3,Không có đánh giá chủ nhà,0,0,0,0,0,0,1,1,1,Không có giá trước,859.744
Hoa Hong Hotel Ho Chi Minh City,"No. 166, Le Cao Lang, Phu Thanh, Tan Phu Hotel Hoa Hong, Khách sạn Hoa Hồng, Tân Phú, Hồ Chí Minh, Việt Nam, 700000",Không có giá,"8,1",218,8.0,8.9,7.7,7.6,7.9,Không có đánh giá chủ nhà,1,1,1,0,0,0,1,1,1,738.456,292.459
Khách sạn Rita (Rita Hotel - Home - San Bay TSN & Canh Benh Vien Tam Anh),"11 Tran Quoc Hoan, Phuong 4, Quan tan Binh, Tân Bình, Hồ Chí Minh, Việt Nam",Không có giá,"6,2",123,5.6,5.5,4.7,4.6,4.4,Không có đánh giá chủ nhà,1,0,0,0,1,0,1,1,1,Không có giá trước,675.926
Cozrum Homes - Spring Residence,"No. 26, 69/1 Nguyen Gia Tri, Ward 25, Binh Thanh District, Vietnam , Bình Thạnh, Hồ Chí Minh, Việt Nam, 0840001",Không có giá,"8,7",511,9.2,9.0,9.1,9.1,9.1,Không có đánh giá chủ nhà,1,0,0,0,0,0,0,1,1,Không có giá trước,902.299
Sedona Suites TP. Hồ Chí Minh (Sedona Suites Ho Chi Minh City),"67 Lê Lợi, Quận 1, Phường Bến Nghé, thành phố Hồ Chí Minh, Việt Nam, Quận 1, Hồ Chí Minh, Việt Nam, 710200",Không có giá,"9,2",1934,9.8,9.4,8.9,9.2,9.6,Không có đánh giá chủ nhà,1,1,0,1,1,1,1,1,1,Không có giá trước,Không có giá sau
Khách Sạn Cupid 2 (Cupid 2 Hotel),"52/25-52/27 Cu Lao, Ward 2, Phú Nhuận, Hồ Chí Minh, Việt Nam, 72210",Không có giá,"8,5",830,8.7,8.9,8.8,8.7,8.8,Không có đánh giá chủ nhà,0,0,0,0,0,0,1,1,1,Không có giá trước,1.368.056
Erato Boutique Hotel,"44-46 Hong Ha street, Ward 2 , Tan Binh District, Tân Bình, Hồ Chí Minh, Việt Nam, 700000",Không có giá,"7,5",2261,8.4,7.6,7.6,6.7,7.3,Không có đánh giá chủ nhà,0,1,0,0,1,0,1,1,1,565.027,441.979
Cozrum Homes - Summer's House,"Room 1A, No. 50, Street 3/2, Ward 12, District 10, Ho Chi Minh City, Quận 10, Hồ Chí Minh, Việt Nam, 08400001",Không có giá,"7,1",805,7.9,7.8,7.8,7.5,7.4,Không có đánh giá chủ nhà,1,0,0,0,0,1,0,1,0,Không có giá trước,670.402
The Passion Airport Hotel Apartment,"60/24 Yen Thế, Phường 2, Tan Binh, TP. Hồ Chi Minh, Tân Bình, Hồ Chí Minh, Việt Nam, 700000",Không có giá,"8,3",400,8.8,8.9,8.4,8.3,8.5,Không có đánh giá chủ nhà,1,1,1,0,1,1,1,1,1,Không có giá trước,Không có giá sau
Hạnh Trang Hotel,"113 Xuân Hồng, Tân Bình, Hồ Chí Minh, Việt Nam",Không có giá,"8,1",464,8.3,8.7,8.6,8.1,8.6,Không có đánh giá chủ nhà,1,0,0,0,1,0,1,1,1,905.378,555.561
M Village Living Cửu Long,"44a Cửu Long, M Village, Tân Bình, Hồ Chí Minh, Việt Nam, 700000",Không có giá,"8,9",1217,9.2,9.3,9.2,8.9,9.4,Không có đánh giá chủ nhà,0,0,0,1,1,1,0,1,1,2.621.269,1.354.712
Khách sạn Ruby Sài Gòn Bến Thành (Ruby Saigon Hotel - Ben Thanh),"267 - 269 Le Thanh Ton Str, Ben Thanh Ward, Quận 1, Hồ Chí Minh, Việt Nam, 70000",Không có giá,"7,2",2293,8.4,7.1,7.2,6.4,7.0,Không có đánh giá chủ nhà,0,1,0,0,1,0,1,1,1,Không có giá trước,Không có giá sau
Binh An Hotel,"96-98 duong so 20, phuong Binh An, Quan 2, Quận 2, Hồ Chí Minh, Việt Nam",Không có giá,"6,8",136,6.7,6.8,6.1,5.4,6.3,Không có đánh giá chủ nhà,1,1,1,0,1,0,1,1,1,Không có giá trước,1.101.587
ĐẠI BÌNH MINH,"No. 49, Nguyen Thi Thap Street, Tan Phu, District 7, Quận 7, Hồ Chí Minh, Việt Nam",Không có giá,"6,3",17,6.3,6.4,6.4,5.9,5.7,Không có đánh giá chủ nhà,0,0,0,0,0,0,1,1,0,750.000,443.457
SOTETSU GRAND FRESA SAIGON,"8 Ly Tu Trong Street, Ben Nghe Ward, Quận 1, Hồ Chí Minh, Việt Nam, 700000",Không có giá,"9,2",4388,9.3,9.5,9.2,9.2,9.7,Không có đánh giá chủ nhà,1,1,0,0,0,1,1,1,1,Không có giá trước,Không có giá sau
Lan Anh Hotel,"251/28 Lê Văn Thọ, Phường 9, Quận Gò Vấp, Tp.HCM, Gò Vấp, Hồ Chí Minh, Việt Nam, 70000",Không có giá,"7,8",201,7.7,8.2,8.1,7.5,7.8,Không có đánh giá chủ nhà,0,0,0,1,0,0,1,1,1,338.423,331.391
Collection O Sunshine Garden Hotel - Near SECC,"338 T n Ph , Quận 7, Hồ Chí Minh, Việt Nam, 70000",Không có giá,"7,5",523,8.0,8.2,8.0,7.1,7.5,Không có đánh giá chủ nhà,0,0,0,0,0,0,1,1,1,3.140.465,838.839
Pharaon Hotel,"56 duong so 7, khu dan cu Trung Son, Binh Hung, Binh Chanh, Bình Hưng, Hồ Chí Minh, Việt Nam, 70000",Không có giá,"8,1",258,8.3,8.6,8.3,8.2,8.5,Không có đánh giá chủ nhà,0,0,0,0,0,0,0,1,0,750.000,521.686
Khách sạn Đức Minh (Duc Minh Hotel),"23/2 Hoang Viet, Tân Bình, Hồ Chí Minh, Việt Nam",Không có giá,"8,0",289,8.6,8.4,8.4,7.8,8.0,Không có đánh giá chủ nhà,1,1,0,0,1,0,1,1,1,1.500.000,427.148
Nhật Vân 1 (Nhat Van 1),"16/4 trần thiện chánh p12 , q10 , tp hcm 16/4, Quận 10, Hồ Chí Minh, Việt Nam",Không có giá,"6,2",137,6.8,6.6,6.1,5.9,5.9,Không có đánh giá chủ nhà,0,0,0,0,0,1,1,1,1,3.316.667,829.167
Loove Hotel 3,"So 2, Duong So 1B, Kp 2, Phuong Phu My, Quan 7, Quận 7, Hồ Chí Minh, Việt Nam, 70000",Không có giá,"7,4",94,7.5,8.1,8.1,7.3,7.5,Không có đánh giá chủ nhà,0,0,0,0,0,0,1,1,1,590.801,292.530
Haven Hut Riverside Hotel,"No. 142, Ton That Thuyet Street, Quận 4, Hồ Chí Minh, Việt Nam, 700000",Không có giá,"8,3",785,8.5,8.9,8.7,8.5,8.8,Không có đánh giá chủ nhà,1,0,0,0,1,0,1,1,1,3.840.309,1.625.890
Khách sạn Hoàng Yến (Hoang Yen Hotel - Phu My Hung),"R4 -62-63-64 Hưng Gia 2 , Phú Mỹ Hưng , Quận 7 , TP. Hồ Chí Minh, Quận 7, Hồ Chí Minh, Việt Nam, 700000",Không có giá,"8,0",992,8.5,8.7,8.3,7.8,8.3,Không có đánh giá chủ nhà,1,1,0,1,1,0,1,1,1,Không có giá trước,Không có giá sau
Khách sạn The One Premium (The One Premium Hotel),"29 Thủ Khoa Huân, Phường Bến Thành, Quận 1, Quận 1, Hồ Chí Minh, Việt Nam, 700000",Không có giá,"6,9",529,8.3,7.5,6.7,6.0,6.5,Không có đánh giá chủ nhà,0,1,0,0,1,1,1,1,0,Không có giá trước,3.815.135
Senho Hotel,"110/6 Tô Hiệu, Tân Phú, Hồ Chí Minh, Việt Nam",Không có giá,"7,4",307,7.9,8.0,7.9,7.7,7.8,Không có đánh giá chủ nhà,1,1,0,1,0,0,0,1,1,1.500.000,310.810
THANH TAI HOTEL 2,"15A Phan Van Hon Street, Tan Thoi Nhat Ward, District 12, Ho Chi Minh City, Vietnam, Quận 12, Hồ Chí Minh, Việt Nam, 700000",Không có giá,"8,7",321,8.7,9.0,8.9,8.6,8.8,Không có đánh giá chủ nhà,0,1,0,0,0,0,1,1,1,Không có giá trước,8.299.616
VINHOMES GRAND PARK QUẬN 9 Căn hộ LUXURY MASTERI CENTRE POINT (VINHOMES GRAND PARK QUAN 9 Can ho LUXURY MASTERI CENTRE POINT),"581 Nguyễn Xiển, Quận 9, Hồ Chí Minh, Việt Nam",Không có giá,"8,9",45,8.7,9.1,9.1,9.1,9.6,Không có đánh giá chủ nhà,1,0,0,0,1,1,1,1,1,1.626.323,708.333
Khách Sạn Lộc Phát,"16C Lũy Bán Bích, Tân Phú, Hồ Chí Minh, Việt Nam, 72015",Không có giá,"7,9",86,8.4,8.7,8.6,8.1,8.4,Không có đánh giá chủ nhà,0,0,0,0,1,0,1,1,1,513.361,332.500
La Casona Hotel,"9 Hưng Gia 3, La Casona Hotel, Quận 7, Hồ Chí Minh, Việt Nam, 70000",Không có giá,"8,5",1183,8.7,9.0,8.6,8.3,8.6,Không có đánh giá chủ nhà,0,0,0,0,0,0,1,1,1,Không có giá trước,782.568
Khach san Anh Thu,"346 Lạc Long Quân, Phường 5, Quận 11, Hồ Chí Minh, Việt Nam, 700000",Không có giá,"8,0",24,6.5,7.5,6.5,6.5,5.5,Không có đánh giá chủ nhà,0,0,0,0,0,0,1,1,1,519.000,306.989
Dlux Bạch Đằng (Dlux Bach Đang),"153 Đường Bạch Đằng, Tân Bình, Hồ Chí Minh, Việt Nam",Không có giá,"6,7",241,7.2,6.4,5.8,5.8,5.9,Không có đánh giá chủ nhà,0,0,0,0,0,1,0,1,0,Không có giá trước,407.407
Eastin Grand Hotel Saigon,"253 Nguyễn Văn Trỗi, Quận Phú Nhuận , Phú Nhuận, Hồ Chí Minh, Việt Nam,",Không có giá,"8,7",7607,8.5,9.0,8.8,8.7,9.0,Không có đánh giá chủ nhà,1,1,1,0,1,1,1,1,1,10.000.000,4.786.007
M Village Nguyễn Kiệm - Cosmo Airport Hotel,"No. 659, Nguyen Kiem, Ward 9, Phu Nhuan District, M Village, Phú Nhuận, Hồ Chí Minh, Việt Nam, 700000",Không có giá,"9,0",431,9.1,9.6,9.3,9.1,9.4,Không có đánh giá chủ nhà,1,0,0,1,1,1,1,1,1,2.875.133,1.110.947
Khách sạn Cochin Zen (Cochin Zen Hotel),"46-46 bis Thủ Khoa Huân, Phường Bến Thành, Quận 1, Hồ Chí Minh, Việt Nam, 700000",Không có giá,"8,5",5764,9.2,8.8,8.4,8.2,8.7,Không có đánh giá chủ nhà,0,1,1,0,1,1,1,1,0,Không có giá trước,Không có giá sau
"Căn hộ studio Vinhomes Grand Park, Thủ Đức city, Hồ Chí Minh city (Can ho studio Vinhomes Grand Park, Thu Đuc city, Ho Chi Minh city)","Quận 9, Hồ Chí Minh, Việt Nam",Không có giá,"8,8",12,9.8,2.5,Không có,10.0,10.0,Không có đánh giá chủ nhà,1,0,0,1,0,1,0,0,1,Không có giá trước,Không có giá sau
LAGUNA Hotel,"25-27 Hung Gia 4 st, Tan Phong ward, District 7 , Quận 7, Hồ Chí Minh, Việt Nam, 80000",Không có giá,"7,7",588,8.5,8.2,7.8,7.4,7.6,Không có đánh giá chủ nhà,1,1,1,0,1,0,1,1,1,1.008.372,686.679
Căn hộ sân bay Sabay - The Connect (Sabay Airport Apartment - The Connect),"09 Cuu Long,Ward 2, Tan Binh, Tân Bình, Hồ Chí Minh, Việt Nam, 70000",Không có giá,"8,3",1184,9.1,8.9,8.8,8.7,8.7,Không có đánh giá chủ nhà,1,1,0,1,1,1,1,1,1,1.500.000,539.479
Meraki 198 Bùi Viện (Meraki 198 Bui Vien),"198 Bùi Viện, Quận 1, Tp. Hồ Chí Minh, Quận 1, Hồ Chí Minh, Việt Nam, 70000",Không có giá,"7,4",2109,8.2,7.9,7.6,6.8,7.2,Không có đánh giá chủ nhà,1,1,0,0,1,1,1,1,1,5.948.313,5.937.500
"Nhà mặt đất 25 m² 5 phòng ngủ, 5 phòng tắm riêng ở Gò Vấp (Anh's House - Studio Terrace)","523/22 Le Duc Tho, Ward 16, Go Vap District, Gò Vấp, Hồ Chí Minh, Việt Nam, 700000",Không có giá,"8,5",16,9.3,9.5,9.3,8.0,9.5,Không có đánh giá chủ nhà,1,0,0,1,0,0,0,1,0,Không có giá trước,Không có giá sau
Khách sạn RiTa gần sân bay Tân Sơn Nhất (RiTa Hotel near Tan Son Nhat Airport),"No.10, Street 2, Ward 3, Go Vap District, Ho Chi Minh City, Gò Vấp, Hồ Chí Minh, Việt Nam, 70000",Không có giá,"8,0",310,8.3,8.3,8.3,7.9,8.1,Không có đánh giá chủ nhà,1,0,0,0,0,0,1,1,1,405.171,402.255
Khách sạn Hoa My (Hoa My Hotel),"61-63-65-67-69-71-73 Binh Phu, Phuong 11, Quan 6, Ho Chi Minh, Quận 6, Hồ Chí Minh, Việt Nam, 700000",Không có giá,"6,9",104,7.3,7.4,7.3,6.4,6.6,Không có đánh giá chủ nhà,0,0,0,0,0,0,1,1,1,258.806,243.981
HUONG LAN HOTEL,"323A Nguyễn Thái Bình, 323A, Tân Bình, Hồ Chí Minh, Việt Nam, 737300",Không có giá,"7,7",120,8.4,8.7,7.9,7.2,7.7,Không có đánh giá chủ nhà,0,0,0,0,0,0,1,1,1,Không có giá trước,666.667
Khách sạn S79 Boutique Bùi Viện (S79 Boutique Hotel Bui Vien),"40/21 Bui Vien, District 1, Quận 1, Hồ Chí Minh, Việt Nam, 70000",Không có giá,"7,9",2181,8.6,8.2,8.1,7.1,8.0,Không có đánh giá chủ nhà,1,0,0,0,1,0,1,1,1,3.971.283,2.300.661
M Village Hotel Tôn Thất Đạm,"129 Tôn Thất Đạm M Village, Quận 1, Hồ Chí Minh, Việt Nam, 700000",Không có giá,"8,8",2956,9.2,9.4,9.0,8.8,9.2,Không có đánh giá chủ nhà,1,1,1,1,1,1,1,1,0,Không có giá trước,Không có giá sau
Elisa Hotel,"No. 172, Street No. 7, Trung Son Residential Area, Binh Hung, Binh Chanh, Bình Hưng, Hồ Chí Minh, Việt Nam, 72900",Không có giá,"8,3",126,8.4,8.7,8.7,8.4,8.5,Không có đánh giá chủ nhà,0,0,0,0,0,0,1,1,1,1.400.000,630.129
Sen Boutique House,"51 Đường số 2 Khu Báo chí, Phường Thảo Điền, Quận 2, Hồ Chí Minh, Việt Nam, 70000",Không có giá,"8,6",645,8.5,9.0,9.0,8.6,9.0,Không có đánh giá chủ nhà,1,0,0,1,1,0,1,1,1,1.080.991,908.700
Saigon City Center,"385/143 Nguyễn Công Trứ, P. Cầu Ông Lãnh, Quận 1, Quận 1, Hồ Chí Minh, Việt Nam, 70000",Không có giá,"6,5",874,6.8,6.3,6.7,5.8,6.2,Không có đánh giá chủ nhà,0,0,0,0,0,0,1,1,1,244.552,240.470
Golden Hotel,"67/2/1 Đ. Số 5, Phường 17, Gò Vấp, Hồ Chí Minh, Việt Nam",Không có giá,"9,1",93,9.4,9.9,10.0,9.7,9.7,Không có đánh giá chủ nhà,0,0,0,0,1,0,1,1,1,1.944.806,516.374
Cozrum Homes The Gallery Residence,"49/26B Nguyen Van Dau, Ward 6, Binh Thanh District, HCMC, Bình Thạnh, Hồ Chí Minh, Việt Nam, 700000",Không có giá,"8,1",1152,8.4,8.4,8.3,8.2,8.2,Không có đánh giá chủ nhà,1,0,0,0,0,0,0,1,0,828.995,755.443
BO SONG HOTEL,"245 Đường số 20, Gò Vấp, Hồ Chí Minh, Việt Nam, 70000",Không có giá,"8,2",279,8.0,8.8,8.6,8.2,8.5,Không có đánh giá chủ nhà,0,0,0,0,0,0,1,1,1,729.000,403.890
Mountime Hotel Saigon,"No. 170-172, Đ. Nguyen Thai Binh, Nguyen Thai Binh Ward, Vietnam, Quận 1, Hồ Chí Minh, Việt Nam, 700000",Không có giá,"8,6",454,8.6,8.7,8.3,8.1,8.2,Không có đánh giá chủ nhà,1,1,0,0,1,1,0,1,1,Không có giá trước,Không có giá sau
Khách sạn HANZ Sơn Mi Sài Gòn (HANZ Son Mi Hotel Saigon),"839/10 Le Hong Phong, District 10, Quận 10, Hồ Chí Minh, Việt Nam, 700000",Không có giá,"8,9",900,9.2,9.1,9.1,9.0,9.1,Không có đánh giá chủ nhà,1,0,0,0,1,1,1,1,1,Không có giá trước,2.018.753
Khách sạn Mai Vàng Bình Tân,"48 Đường Số 4A, Bình Tân, Hồ Chí Minh, Việt Nam",Không có giá,"8,2",109,8.0,8.2,7.3,7.4,7.2,Không có đánh giá chủ nhà,0,0,0,0,0,0,1,1,1,439.788,356.481
Hotel Majestic Saigon,"01 Đồng Khởi, Quận 1, Quận 1, Hồ Chí Minh, Việt Nam",Không có giá,"8,7",11063,9.2,8.8,8.4,8.4,8.8,Không có đánh giá chủ nhà,1,1,0,1,1,1,1,1,1,Không có giá trước,Không có giá sau
Lucky hotel,"14 Street No. 3A Lucky Hotel - Clean and Reliable Hotel in Rocket Area, Lucky Hotel - khách sạn sạch uy tín khu tên lửa, Bình Tân, Hồ Chí Minh, Việt Nam",Không có giá,"7,9",192,8.3,8.2,8.1,7.7,8.2,Không có đánh giá chủ nhà,1,0,0,0,0,0,1,1,1,1.500.000,301.063
B & K Hotel - District 10,"Đ. Ngô Quyền, Quận 10, Quận 10, Hồ Chí Minh, Việt Nam, 700000",Không có giá,"6,9",27,7.2,6.8,5.7,5.8,5.8,Không có đánh giá chủ nhà,0,0,0,0,0,0,1,1,1,Không có giá trước,575.000
Lee Hotel,"48 Nguyễn tuyển, Bình Trưng Tây Ward, District 2, Quận 2, Hồ Chí Minh, Việt Nam",Không có giá,"7,6",13,8.0,7.8,7.0,6.9,6.5,Không có đánh giá chủ nhà,0,0,0,1,1,0,1,1,1,Không có giá trước,370.370
Arista,"19 Đường số 16, phường An Phú, Quận 2, Hồ Chí Minh, Việt Nam",Không có giá,"8,2",338,8.4,8.9,8.4,8.4,8.7,Không có đánh giá chủ nhà,1,0,0,0,0,0,1,1,1,918.142,907.407
Nui Thanh Hotel,"3A Nui Thanh St., Ward 13, Tan Binh District, Tân Bình, Hồ Chí Minh, Việt Nam",Không có giá,"8,2",277,8.1,8.6,8.7,7.9,8.3,Không có đánh giá chủ nhà,0,1,1,0,0,0,1,1,1,700.000,482.122
Khách sạn RedDoorz Minh Thư Cống Lở (RedDoorz Minh Thu Hotel Cong Lo),"No. 176, Cong Lo Street, Ward 15, Tan Binh District, Tân Bình, Hồ Chí Minh, Việt Nam, 700000",Không có giá,"6,5",39,6.6,6.9,6.6,6.8,6.6,Không có đánh giá chủ nhà,0,0,0,0,0,0,1,1,1,Không có giá trước,220.370
Khách sạn Winston Riverside (Hotel Winston Riverside),"1110B Phạm Văn Đồng,Phường Linh Đông , Quận Thủ Đức 6, Thủ Đức, Hồ Chí Minh, Việt Nam",Không có giá,"7,6",93,7.7,7.4,7.8,7.4,7.5,Không có đánh giá chủ nhà,1,0,0,0,1,1,1,1,1,491.723,461.482
Căn hộ Smiley Quận 2 (Smiley Apartment Quan 2),"Number 8, Street 39 Binh Trung Dong Ward, District 2, District 2,, Quận 2, Hồ Chí Minh, Việt Nam",Không có giá,"6,7",138,7.5,7.5,7.6,7.1,7.1,Không có đánh giá chủ nhà,1,0,0,0,0,0,0,1,1,Không có giá trước,309.375
Trung Bảo Hotel,"1/124 Đ. Lữ Gia, Quận 11, Hồ Chí Minh, Việt Nam, 70000",Không có giá,"7,4",51,7.5,7.5,7.1,6.4,6.2,Không có đánh giá chủ nhà,0,0,0,0,1,0,1,1,1,378.210,279.644
ibis Sân bay Sài Gòn (ibis Saigon Airport),"Số 2 đường Hồng Hà, phường 2, quận Tân Bình, TP.HCM, Tân Bình, Hồ Chí Minh, Việt Nam, 70000",Không có giá,"8,6",12344,9.1,8.7,8.4,8.4,8.8,Không có đánh giá chủ nhà,1,1,1,0,1,1,1,1,1,Không có giá trước,Không có giá sau
MICASA HOTEL,"No. 5, 27-29, Street 6B, Trung Son Residential Area, Binh Hung, Binh Chanh, Ho Chi Minh City, Vietnam, 5, Bình Hưng, Hồ Chí Minh, Việt Nam, 70000",Không có giá,"7,8",221,8.2,8.3,8.2,8.0,8.2,Không có đánh giá chủ nhà,0,0,0,0,0,0,1,1,1,1.785.691,666.482
Hoang Quan Hotel,"66-68-70 Thach Lam, Phu Thanh, Tan Phu, Ho Chi Minh, Tân Phú, Hồ Chí Minh, Việt Nam, 760820",Không có giá,"7,4",191,7.6,7.9,7.4,6.8,7.1,Không có đánh giá chủ nhà,1,1,0,0,0,0,1,1,1,599.948,416.667
Cozrum Homes - Selina Residence,"No. 182, Dien Hong, Ward 1, Binh Thanh District, Bình Thạnh, Hồ Chí Minh, Việt Nam",Không có giá,"7,8",376,7.9,8.7,8.5,8.5,8.5,Không có đánh giá chủ nhà,0,0,0,1,0,0,1,1,0,786.422,680.307
Khách sạn Bay Ho Chi Minh City (Bay Hotel Ho Chi Minh),"Số 7, đường Ngô Văn Năm, Quận 1, Hồ Chí Minh, Việt Nam, 70000",Không có giá,"8,3",4035,8.5,8.5,8.2,8.0,8.6,Không có đánh giá chủ nhà,1,1,1,0,1,1,1,1,1,8.668.656,5.495.102
Aurora Western Village,"65 QUOC HUONG STREET, DISTRICT 2, Quận 2, Hồ Chí Minh, Việt Nam, 700000",Không có giá,"8,3",1296,8.5,8.7,8.5,8.2,8.7,Không có đánh giá chủ nhà,1,1,0,0,1,1,1,1,1,2.855.284,1.153.322
Khách sạn Vân Hà (Van Ha Hotel ),"440 Cộng Hòa, Phường 13, Quận Tân Bình , Tân Bình, Hồ Chí Minh, Việt Nam, 70000",Không có giá,"7,6",373,7.9,7.7,7.6,7.2,7.2,Không có đánh giá chủ nhà,1,0,0,0,1,0,1,1,1,686.526,539.892
Đông Như 5 Hotel (Đong Nhu 5 Hotel),"10 Nguyễn Văn Khối, Gò Vấp, Hồ Chí Minh, Việt Nam",Không có giá,"8,6",20,8.0,7.9,8.8,8.6,8.8,Không có đánh giá chủ nhà,0,0,0,0,0,0,0,1,1,618.385,574.074
Golden Uc Chau House and Spa,"No. 719, Le Hong Phong Street, Ward 12, Quan 10, Quan 10, Quận 10, Hồ Chí Minh, Việt Nam",Không có giá,"8,4",67,9.0,9.0,8.5,8.5,8.7,Không có đánh giá chủ nhà,1,0,0,0,0,1,1,1,1,818.498,458.968
Ly Ly Hotel,"110 Song Hành , Quận 6, Hồ Chí Minh, Việt Nam, 73115",Không có giá,"7,7",213,8.0,8.2,8.0,7.6,7.9,Không có đánh giá chủ nhà,1,0,0,0,1,0,1,1,1,1.200.000,569.085
Khách sạn Renaissance Riverside Sài Gòn (Renaissance Riverside Hotel Saigon),"8-15 Tôn Đức Thắng , Quận 1, Hồ Chí Minh, Việt Nam, 0084 28 3822 0033",Không có giá,"8,5",753,9.1,8.7,8.0,8.3,8.7,Không có đánh giá chủ nhà,1,1,1,0,1,1,1,1,1,Không có giá trước,21.700.000
CÁT ANH HOTEL,"69 Đường Số 8, Cát Anh Hotel, Gò Vấp, Hồ Chí Minh, Việt Nam, 70000",Không có giá,"7,4",148,7.1,7.1,7.3,7.1,7.4,Không có đánh giá chủ nhà,0,0,0,0,0,0,1,1,1,Không có giá trước,916.667
A In Hotel Glamour,"No. 63/1 - 63/3, Street 19, Neighborhood 2, An Khanh Ward, Thu Duc City, Ho Chi Minh City, Quận 2, Hồ Chí Minh, Việt Nam",Không có giá,"8,0",461,8.1,8.5,8.0,8.0,8.2,Không có đánh giá chủ nhà,0,0,0,0,0,0,1,1,1,Không có giá trước,2.258.307
SEA APARTHOTEL,"186 Hà Huy Tập, Tân Phong, Quận 7, Hồ Chí Minh, Việt Nam, 084",Không có giá,"6,8",196,7.1,6.5,6.2,6.5,6.6,Không có đánh giá chủ nhà,0,0,0,0,0,0,1,1,1,Không có giá trước,Không có giá sau
The Moon 2 Hotel,"245 Number 1 Street, Binh Tri Dong B Ward,, Bình Tân, Hồ Chí Minh, Việt Nam, 700000",Không có giá,"9,6",18,10.0,10.0,10.0,10.0,10.0,Không có đánh giá chủ nhà,0,0,0,0,1,0,1,1,1,2.500.000,837.654
Khách Sạn Kha Thy (Kha Thy Hotel),"No 39, Street 33, Binh Trung Tay Ward, Quận 2, Hồ Chí Minh, Việt Nam, 700000",Không có giá,"7,4",108,7.6,7.9,7.9,7.5,7.8,Không có đánh giá chủ nhà,0,0,0,0,0,0,1,1,1,Không có giá trước,395.786
Khách sạn & Căn hộ KunKin Luxury (KunKin Luxury Hotel & Apartment ),"46/24 Nguyễn Cửu Vân, Bình Thạnh, Hồ Chí Minh, Việt Nam, 70000",Không có giá,"8,1",314,7.9,8.6,8.1,8.0,8.5,Không có đánh giá chủ nhà,1,0,0,0,0,1,1,1,1,3.739.197,1.840.323
PARK VIEW LUXURY HOTEL,"171 Pham Ngu Lao Street, Quận 1, Hồ Chí Minh, Việt Nam, 70000",Không có giá,"8,3",1346,9.3,9.0,8.5,7.7,8.6,Không có đánh giá chủ nhà,0,0,0,0,1,0,1,1,0,Không có giá trước,3.392.857
Khách sạn Ken 2 (Ken 2 Hotel),"766/12 Sư Vạn Hạnh, phường 12, quận 10, Quận 10, Hồ Chí Minh, Việt Nam, 70000",Không có giá,"8,1",507,8.5,8.2,8.2,8.1,8.3,Không có đánh giá chủ nhà,0,0,0,0,0,1,1,1,1,1.500.000,877.137
Wink Hotel Saigon Centre - 24hrs Lifestyle Stay,"75 Nguyen Binh Khiem, Quận 1, Hồ Chí Minh, Việt Nam, 70000",Không có giá,"8,9",4725,8.8,9.4,9.0,8.9,9.3,Không có đánh giá chủ nhà,1,1,0,1,0,1,1,1,1,Không có giá trước,Không có giá sau
Mơ Mơ Residence,"117 Duy Tân, Phú Nhuận, Hồ Chí Minh, Việt Nam",Không có giá,"9,2",262,9.5,9.5,9.8,9.6,9.8,Không có đánh giá chủ nhà,1,0,0,0,0,0,0,1,1,Không có giá trước,4.253.483
Khách sạn và Căn hộ Asian Ruby (Asian Ruby Hotel & Apartment),"122F-122F1 Bùi Thị Xuân, Quận 1, Hồ Chí Minh, Việt Nam",Không có giá,"7,7",1529,8.1,8.0,7.7,7.1,7.6,Không có đánh giá chủ nhà,1,1,0,0,1,0,1,1,1,Không có giá trước,3.574.553
GOLDEN SUN Hotel Apartments,"No. 72, Phan Khiem Ich Street, Tan Phong Ward, Vietnam, Quận 7, Hồ Chí Minh, Việt Nam, 756600",Không có giá,"7,5",256,8.0,7.7,7.5,7.3,Không có,Không có đánh giá chủ nhà,1,0,0,0,0,0,1,1,1,1.350.000,733.333
Saigon Prince Hotel,"63 Đại lộ Nguyễn Huệ, Quận 1, TP Ho Chi MInh, Quận 1, Hồ Chí Minh, Việt Nam, 70000",Không có giá,"8,3",6906,9.1,8.4,8.1,7.9,8.4,Không có đánh giá chủ nhà,1,1,0,0,1,1,1,1,1,14.369.079,13.065.868
Khách sạn & Suites JW Marriott Sài Gòn (JW Marriott Hotel & Suites Saigon),"Góc Đường Hai Bà Trưng & Đại Lộ Lê Duẩn, Quận 1, Quận 1, Hồ Chí Minh, Việt Nam, 70000",Không có giá,"8,9",2273,9.3,9.1,8.7,9.0,9.3,Không có đánh giá chủ nhà,1,1,0,0,1,1,1,1,1,Không có giá trước,7.150.000
Silk Hong Ha hotel,"43-45 Hồng Hà, Tân Bình, Hồ Chí Minh, Việt Nam, 70000",Không có giá,"8,4",682,8.9,8.7,8.7,8.3,8.8,Không có đánh giá chủ nhà,1,0,0,0,1,1,1,1,1,Không có giá trước,1.000.000
The Royal Vista - Phu My Hung,"22-24 Nội khu Hưng Gia 1, Phường T n Phong, Quận 7, Quận 7, Hồ Chí Minh, Việt Nam, 70000",Không có giá,"8,6",133,8.9,9.4,9.2,8.4,9.0,Không có đánh giá chủ nhà,0,1,0,0,1,0,1,1,1,Không có giá trước,Không có giá sau
Cozrum – Khách sạn tình yêu Trần Bình Trọng (Cozrum - Love Hotel Trần Bình Trọng),"11A Tran Binh Trong Street, Phuong 5, Bình Thạnh, Hồ Chí Minh, Việt Nam, 00000",Không có giá,"7,8",231,8.0,8.2,7.9,7.6,7.7,Không có đánh giá chủ nhà,0,1,0,0,0,0,1,1,0,1.004.571,644.985
Căn hộ Sang trọng Collection O Emerald – Gần SECC (Collection O Emerald Luxury Apartment - Near SECC),"159-161, Pham Thai Buong, Phuong Tan Phong, Quan 7, Thanh Pho Ho Chi Minh, Viet Nam, Ho-Chi-Minh, Quận 7, Hồ Chí Minh, Việt Nam, 70000",Không có giá,"8,5",617,8.7,8.8,8.9,8.4,8.9,Không có đánh giá chủ nhà,0,1,0,0,0,0,1,1,1,1.760.089,745.045
The Concept Hotel HCMC - Premium,"27 Bà Huyện Thanh Quan, Phường 6, Quận 3, Hồ Chí Minh, Việt Nam",Không có giá,"9,2",473,9.4,9.5,9.3,9.1,9.4,Không có đánh giá chủ nhà,0,0,0,1,0,1,1,1,0,Không có giá trước,Không có giá sau
Khách sạn Hoàng Anh Anh (Hoang Anh Anh Hotel),"17-19 Bàu Cát, Phường 14, Quận Tân Bình, Thành phố Hồ Chí Minh, 700000, Tân Bình, Hồ Chí Minh, Việt Nam, 700000",Không có giá,"8,0",20,8.6,8.5,7.8,7.6,8.0,Không có đánh giá chủ nhà,0,0,0,0,0,0,1,1,1,Không có giá trước,408.333
Hotel Phú Thành SG,"185 Van Than Street, Ward 8, Quận 6, Hồ Chí Minh, Việt Nam, 700000",Không có giá,"8,2",114,8.3,9.0,8.7,8.0,8.2,Không có đánh giá chủ nhà,0,0,0,0,0,0,1,1,1,580.000,274.657
"Townhouse Oak near International Airport, District Tan Binh","419, Cong Hoa, Tan Binh District, Ho-Chi-Minh, Ho-Chi-Minh, Tân Bình, Hồ Chí Minh, Việt Nam, 700000",Không có giá,"6,7",3,6.7,7.3,6.7,6.0,6.7,Không có đánh giá chủ nhà,0,0,0,0,0,0,1,1,0,Không có giá trước,603.533
HOTEL PHƯƠNG NAM,"187 Đường số 16, Bình Tân, Hồ Chí Minh, Việt Nam, 71900",Không có giá,"7,5",317,7.9,8.3,7.8,7.3,7.5,Không có đánh giá chủ nhà,0,0,0,1,1,0,1,1,1,Không có giá trước,365.833
Bungalow Binh Quoi 2,"No. B, Quoi Street, Ward 28, Binh Thanh District, Ho Chi Minh City, Vietnam, Bình Thạnh, Hồ Chí Minh, Việt Nam, 717400",Không có giá,"8,7",14,8.6,8.9,9.1,9.2,8.9,Không có đánh giá chủ nhà,0,1,0,0,0,0,1,1,1,1.133.958,739.635
Ha Bao Chau Hotel Tan Binh,"No. 3, Le Tan Quoc, Ward 13, Vietnam, Tân Bình, Hồ Chí Minh, Việt Nam, 700000",Không có giá,"8,5",34,9.3,9.0,8.5,8.9,9.4,Không có đánh giá chủ nhà,0,0,0,0,1,0,1,1,1,550.000,318.857
BIG HOTEL SÀI GÒN,"No. 35-37, Street No. 4, Trung Son Urban Area, Binh Hung Commune, Binh Chanh District, Ho Chi Minh City, Bình Hưng, Hồ Chí Minh, Việt Nam, 71803",Không có giá,"8,9",543,8.3,8.0,8.0,7.6,7.9,Không có đánh giá chủ nhà,1,0,0,0,1,0,1,1,1,892.504,449.243
Khách sạn HANZ T68 (HANZ T68 Hotel),"420 Nguyễn Văn Khối, Go Vap, Gò Vấp, Hồ Chí Minh, Việt Nam, 700000",Không có giá,"7,8",372,7.9,8.2,8.0,7.5,8.0,Không có đánh giá chủ nhà,0,1,0,0,1,0,1,1,1,706.443,270.219
MTT Hotel,"22 T n Trụ, Phướng 15, Quận T n B nh , Tân Bình, Hồ Chí Minh, Việt Nam, 70000",Không có giá,"7,3",267,7.3,7.8,7.1,7.0,6.9,Không có đánh giá chủ nhà,0,0,0,1,0,0,1,1,1,313.422,295.545
Triple E Hotel Metro Ben Thanh,"146 Đ. Ký Con, Quận 1, Hồ Chí Minh, Việt Nam, 700000",Không có giá,"8,8",5012,9.2,9.2,9.0,8.6,9.2,Không có đánh giá chủ nhà,1,1,0,0,0,1,1,1,0,Không có giá trước,Không có giá sau
Nhat Dinh Home,"245 NGUYEN VAN LUONG, Quận 6, Hồ Chí Minh, Việt Nam, 700000",Không có giá,"8,2",45,7.9,8.1,8.2,7.8,9.0,Không có đánh giá chủ nhà,0,0,0,0,0,0,0,1,1,1.200.000,833.398
Dlux BÙI VĂN THÊM (Dlux BUI VAN THEM),"21 Bùi Văn Thêm, Phú Nhuận, Hồ Chí Minh, Việt Nam",Không có giá,"6,9",18,6.7,5.8,6.2,5.8,6.1,Không có đánh giá chủ nhà,0,0,0,0,0,0,0,1,0,Không có giá trước,389.583
Aiden Saigon Hotel,"28-30-32-34 street No.26, Ward 11, District 6, Quận 6, Hồ Chí Minh, Việt Nam, 700000",Không có giá,"8,3",762,8.1,8.7,8.4,8.2,8.6,Không có đánh giá chủ nhà,1,1,1,0,1,1,1,1,1,1.709.844,1.344.444
Sao Mai 896 Hotel,"896 Nguyễn Trãi, Phường 14, Quận 5, Hồ Chí Minh, Việt Nam, 70000",Không có giá,"7,8",274,8.2,8.6,8.1,7.5,7.9,Không có đánh giá chủ nhà,1,0,0,0,0,0,1,1,1,413.265,360.695
The Hammock Hotel Global City,"Do Xuan Hop, An Phu The Global City, The Global City, Quận 2, Hồ Chí Minh, Việt Nam",Không có giá,"9,0",65,8.1,9.6,9.2,8.9,9.4,Không có đánh giá chủ nhà,0,1,0,0,1,0,1,1,1,1.441.307,792.324
Khách sạn Ngôi Sao Phương Nam (Ngoi Sao Phuong Nam Hotel),"Tan Thoi Nhat 1 41/2, District 12, Quận 12, Hồ Chí Minh, Việt Nam",Không có giá,"8,6",634,8.6,9.2,9.0,8.6,8.9,Không có đánh giá chủ nhà,0,0,1,0,0,0,1,1,1,540.951,439.815
MK Studio,"319, Lien Phuong Street, Phu Huu Ward, Thu Duc City, HCMC, Quận 9, Hồ Chí Minh, Việt Nam, 70000",Không có giá,"8,8",108,8.5,9.2,9.4,9.0,9.2,Không có đánh giá chủ nhà,0,1,0,0,0,0,0,1,1,660.000,394.079
Collection O VyVy Airport Hotel,"283, Hoang Van Thu, Quan Tan Binh, Ho Chi Minh, Viet Nam, Ho-Chi-Minh, Tân Bình, Hồ Chí Minh, Việt Nam, 00084",Không có giá,"6,7",242,7.3,6.6,6.2,6.0,5.8,Không có đánh giá chủ nhà,0,0,0,1,0,0,1,1,1,1.921.045,813.178
Glenwood City Resort,"243 Nguyễn Văn Hưởng, P. Thảo Điền, Quận 2, Hồ Chí Minh, Việt Nam, 70000",Không có giá,"8,2",1668,8.1,8.7,8.4,8.0,8.6,Không có đánh giá chủ nhà,0,1,0,0,1,1,1,1,1,Không có giá trước,1.192.032
Khách sạn New World Saigon (New World Saigon Hotel),"76 Lê Lai , Phường Bến Thành, Quận 1, TP. Hồ Chí Minh, Việt Nam, Quận 1, Hồ Chí Minh, Việt Nam, 700000",Không có giá,"8,7",6122,9.1,8.8,8.3,8.6,8.8,Không có đánh giá chủ nhà,1,1,0,0,1,1,1,1,1,Không có giá trước,Không có giá sau
Khách Sạn Bình Dung (Binh Dung Hotel),"88, Hoa Cuc, Phuong 7, Phu Nhuan, Ho Chi Minh, Phú Nhuận, Hồ Chí Minh, Việt Nam, 700000",Không có giá,"5,6",84,6.7,5.8,6.1,4.7,4.7,Không có đánh giá chủ nhà,0,0,0,0,0,0,1,1,1,Không có giá trước,463.264
"Căn hộ ở trung tâm - Vinhomes Central Park (Central Apartments - Vinhomes Central Park, Landmark 81 Area & Ice Skating Rink)","No. 208, Nguyen Huu Canh Street, Bình Thạnh, Hồ Chí Minh, Việt Nam",Không có giá,"7,4",1066,7.7,6.4,6.6,6.4,6.1,Không có đánh giá chủ nhà,1,0,1,1,0,1,0,1,0,8.202.560,1.898.148
Khách sạn Minh Hoàng (Minh Hoang Hotel),"74 Binh Gia, Ward 13, Tan BInh Dist, Tân Bình, Hồ Chí Minh, Việt Nam, 70000",Không có giá,"8,2",756,8.2,8.8,8.5,7.9,8.4,Không có đánh giá chủ nhà,1,0,0,0,1,0,1,1,1,597.562,361.762
Khách sạn & Căn hộ Charmaine's (Charmaine's Hotel & Apartment),"26 Khu Phố Hưng Gia 1, Quận 7 , Quận 7, Hồ Chí Minh, Việt Nam, 70880",Không có giá,"8,5",555,8.6,8.9,8.9,8.3,8.6,Không có đánh giá chủ nhà,1,0,0,0,0,0,1,1,1,1.858.054,1.327.671
The Shilla Luxury I Hotel,"No. 75, Pham Khiem Ich, Phu My Hung Urban Area, Tan Phong Ward, District 7, Vietnam, Quận 7, Hồ Chí Minh, Việt Nam, 70000",Không có giá,"8,1",301,8.6,8.3,8.1,7.5,8.1,Không có đánh giá chủ nhà,1,0,0,0,1,0,1,1,1,847.622,569.982
Căn hộ dịch vụ CeLaVie - The Vinhomes and Landmark (CeLaVie Serviced Apartment - The Vinhomes and Landmark),"208 Nguyen Huu Canh Street, 22 Ward, Binh Thanh District , Ho Chi Minh, Vietnam, Bình Thạnh, Hồ Chí Minh, Việt Nam, 72324",Không có giá,"7,9",641,8.6,7.9,8.0,8.1,8.2,Không có đánh giá chủ nhà,1,0,0,0,1,1,0,1,1,Không có giá trước,Không có giá sau
La Galerie Hotel,"17-19 duong so 4 KDC Trung Son, binh hung, binh chanh, tp.hcm, Bình Hưng, Hồ Chí Minh, Việt Nam, 739500",Không có giá,"8,0",389,8.1,8.2,8.2,8.0,8.4,Không có đánh giá chủ nhà,0,0,0,1,1,0,1,1,1,726.314,568.241
Rachel Serviced Apartment,"No. 95, Phan Khiem Ich Street, Quận 7, Hồ Chí Minh, Việt Nam, 700000",Không có giá,"8,0",360,8.7,8.5,8.4,7.9,8.3,Không có đánh giá chủ nhà,0,0,0,0,0,0,0,1,0,1.500.000,646.286
Khách sạn Adora Hồ Chí Minh (Adora Hotel),"42- 44 đường Thủ Khoa Huân, phường Bến Thành, quận 01, Quận 1, Hồ Chí Minh, Việt Nam, 70000",Không có giá,"8,2",3667,9.1,8.5,8.1,7.6,8.2,Không có đánh giá chủ nhà,1,1,0,0,1,0,1,1,0,Không có giá trước,6.022.152
Khách Sạn Khánh Vy,"300 Đ. Cộng Hòa, Phường 13, Khách Sạn Khánh Vy, Tân Bình, Hồ Chí Minh, Việt Nam",Không có giá,"7,1",50,8.2,8.0,8.0,7.8,7.8,Không có đánh giá chủ nhà,1,0,0,1,0,0,1,1,1,Không có giá trước,300.000
Mia Sài Gòn - Khách Sạn Luxury Boutique (Mia Saigon - luxury boutique hotel),"2-4, đường số 10, khu phố 4, phường An Phú, Quận 2, Quận 2, Hồ Chí Minh, Việt Nam, 700000",Không có giá,"9,1",2875,8.5,9.6,9.3,9.3,9.7,Không có đánh giá chủ nhà,1,1,0,0,1,1,1,1,1,9.794.812,4.471.358
Khách sạn BLESSED (BLESSED Hotel),"46-48 Hung Gia 1 st, Tan Phong ward, District 7, HCMC, Quận 7, Hồ Chí Minh, Việt Nam, 700000",Không có giá,"8,7",1100,9.0,9.0,8.9,8.7,9.1,Không có đánh giá chủ nhà,0,1,0,1,1,1,1,1,1,Không có giá trước,1.445.457
Cozrum Homes Premier Residences,"135/4 Nguyen Cuu Van, Bình Thạnh, Hồ Chí Minh, Việt Nam, 700000",Không có giá,"7,9",1909,8.5,8.1,8.3,8.0,8.0,Không có đánh giá chủ nhà,1,0,0,1,0,0,0,1,1,Không có giá trước,1.236.684
Phú Gia 464 NVL,"464 Đường Nguyễn Văn Linh, Quận 7, Hồ Chí Minh, Việt Nam",Không có giá,"8,0",27,9.3,10.0,10.0,8.7,9.3,Không có đánh giá chủ nhà,1,0,0,0,0,1,1,1,1,1.186.925,595.833
Bonita Grand Hotel,"570-572 Trần Hưng Đạo, phường 2, Quận 5, Thành phố Hồ Chí Minh, Quận 5, Hồ Chí Minh, Việt Nam, 70000",Không có giá,"7,3",603,7.7,7.4,7.3,6.9,7.1,Không có đánh giá chủ nhà,0,0,0,0,0,0,1,1,0,2.087.671,735.370
