name,address,review_score,review_count,Vị trí,Dịch vụ,Đáng giá tiền,Cơ sở vật chất,Độ sạch sẽ,bep,bua_sang,san_gon,may_giat,dua_don_san_bay,phong_tap,don_phong_hang_ngay,duoc_phep_mang_thu_nuoi,bai_do_xe,Giá trước,Giá sau
Thành Thuý Hotel (Thanh Thuy Hotel),"66 - 68 Điện Biên Phủ, Trung tâm thành phố Buôn Ma Thuột, Buôn Ma Thuột, Việt Nam","9,1",168,9.2,9.1,9.0,9.0,9.1,0,0,0,0,0,0,1,1,1,766.459,417.361
Muong Thanh Luxury Buon Ma Thuot Hotel,"Số 81 Nguyễn Tất Thành, Phường Tân An, Trung tâm thành phố Buôn Ma Thuột, Buôn Ma Thuột, Việt Nam, 630000","8,7",2560,9.0,8.9,8.7,8.6,8.9,0,1,0,0,1,1,1,1,1,3.000.000,1.087.242
Khách sạn Thanh Mai (Hotel Thanh Mai),"170 Ngo Quyen, Tan An Ward, Trung tâm thành phố Buôn Ma Thuột, Buôn Ma Thuột, Việt Nam","9,1",1380,9.3,9.4,9.2,9.1,9.2,1,1,1,0,1,1,1,1,1,689.117,577.262
Bob Hotel,"42 Lê Đức Thọ, Trung tâm thành phố Buôn Ma Thuột, Buôn Ma Thuột, Việt Nam","7,2",165,8.0,7.7,7.0,6.6,6.8,0,0,0,0,0,0,1,1,1,Không có giá trước,Không có giá sau
Sai Gon Ban Me Hotel,"Số 01-03, Đường Phan Chu Trinh, Trung tâm thành phố Buôn Ma Thuột, Buôn Ma Thuột, Việt Nam, 630000","8,2",1063,9.2,8.2,8.0,7.7,8.1,0,1,0,0,1,1,1,1,1,1.650.000,844.830
Khách sạn và Spa Hai Bà Trưng (Hai Ba Trung Hotel and Spa),"08, Đường Hai Bà Trưng, Trung tâm thành phố Buôn Ma Thuột, Buôn Ma Thuột, Việt Nam","8,2",399,9.0,8.6,7.9,7.7,8.2,0,1,0,0,1,1,1,1,1,Không có giá trước,Không có giá sau
Khách sạn Lucky Star (LUCKY STAR HOTEL),"2/9 NGUYEN DINH CHIEU, Trung tâm thành phố Buôn Ma Thuột, Buôn Ma Thuột, Việt Nam, 55000","8,0",614,8.6,8.3,8.1,7.5,7.8,0,0,0,0,0,0,1,1,1,637.956,260.754
Nhà Nghỉ Thượng Phong (Thuong Phong Motel),"Thái Phiên, Trung tâm thành phố Buôn Ma Thuột, Buôn Ma Thuột, Việt Nam, 630000","8,1",778,8.3,8.4,8.4,7.7,8.1,0,0,0,0,0,0,0,1,0,501.821,160.345
Hami Garden - Authentic & Natural Resort,"No. 200, Da Tuong Street, Trung tâm thành phố Buôn Ma Thuột, Buôn Ma Thuột, Việt Nam, 63000","8,8",604,8.5,9.1,8.8,8.9,9.0,1,1,0,0,0,0,1,1,1,Không có giá trước,959.339
Nice Hotel Buôn Ma Thuột,"226 Nguyễn Công Trứ, Tự An, Trung tâm thành phố Buôn Ma Thuột, Buôn Ma Thuột, Việt Nam, 63000","8,1",264,8.8,8.9,8.6,8.4,8.6,1,0,0,0,1,0,1,1,1,920.079,230.755
Khách sạn Hiệp Thạnh (Khach san Hiep Thanh),"203 Đinh Tiên Hoàng Tòa nhà 5 tầng, Trung tâm thành phố Buôn Ma Thuột, Buôn Ma Thuột, Việt Nam","8,3",412,8.2,8.6,8.6,8.1,8.5,0,0,0,0,0,0,1,1,1,299.679,231.481
Triệu Vũ Hotel & Apartment,"27 Lê Đại Hành, Trung tâm thành phố Buôn Ma Thuột, Buôn Ma Thuột, Việt Nam, 63106","7,6",572,8.5,8.3,8.0,7.2,7.3,1,1,0,0,1,0,1,1,1,815.100,177.824
SOJO Hotel Dak Lak,"15 Hùng Vương, Trung tâm thành phố Buôn Ma Thuột, Buôn Ma Thuột, Việt Nam, 630000","9,1",649,9.4,9.5,9.0,9.2,9.6,1,1,0,1,1,1,1,1,1,Không có giá trước,712.357
Bazan Xanh,"02/5 Nguyễn Đình Chiểu, phường Tân Lợi, Trung tâm thành phố Buôn Ma Thuột, Buôn Ma Thuột, Việt Nam","8,0",377,8.6,7.8,8.2,7.9,8.0,1,1,0,0,1,0,1,1,1,Không có giá trước,Không có giá sau
Kim Dong Homestay,"20 Kim Đồng, Tân An, Kim Dong Homestay, Trung tâm thành phố Buôn Ma Thuột, Buôn Ma Thuột, Việt Nam, 630000","9,0",84,9.4,9.5,9.2,9.3,9.4,1,1,1,0,1,1,1,1,1,890.000,546.296
Khách sạn Elephants (Elephants Hotel),"142 Phan Chu Trinh, Trung tâm thành phố Buôn Ma Thuột, Buôn Ma Thuột, Việt Nam","8,8",905,9.3,9.0,8.8,8.7,9.1,0,1,0,0,1,1,1,1,1,1.700.000,965.268
Buon Ma Thuot Hotel,"03 Hung Vuong, P.Tu An, TP.Buon Ma Thuot, Dak Lak, Trung tâm thành phố Buôn Ma Thuột, Buôn Ma Thuột, Việt Nam, 630000","8,5",744,9.2,8.7,8.6,8.3,8.8,1,1,0,0,1,0,1,1,1,431.954,412.500
Thanh Bình Hotel - 47 Y Bih - BMT,"47 Y Bih Alêô, Trung tâm thành phố Buôn Ma Thuột, Buôn Ma Thuột, Việt Nam, 63000","8,6",384,9.2,8.9,8.7,8.5,8.8,1,0,0,0,1,0,1,1,1,Không có giá trước,400.000
Trung Nguyên Coffee Resort,"149 - 153, Đường Lý Thái Tổ, Phường Tân Lợi, Thành phố Buôn Mê Thuột, Dak Lak, Trung tâm thành phố Buôn Ma Thuột, Buôn Ma Thuột, Việt Nam, 0084","7,8",679,8.2,8.1,8.0,7.3,7.9,0,1,0,0,1,0,1,1,1,Không có giá trước,Không có giá sau
Hotel Ban Mê,"C14 Ngô Gia Tự, Tân An, Hotel Ban Mê, Trung tâm thành phố Buôn Ma Thuột, Buôn Ma Thuột, Việt Nam, 630000","8,2",38,8.9,9.7,9.1,8.1,8.9,1,0,0,0,0,0,1,1,1,450.000,226.514
Khách sạn An Nhiên (An Nhien Hotel.),"57/6 Nguyễn Tất Thành, Phường Tân An, Thành phố Buôn Ma Thuột, Trung tâm thành phố Buôn Ma Thuột, Buôn Ma Thuột, Việt Nam, 630000","8,0",201,8.5,8.5,8.1,7.6,7.8,1,0,0,0,1,0,1,1,1,309.459,238.095
Ngoc Mai Guesthouse,"09 Nguyen Binh , Trung tâm thành phố Buôn Ma Thuột, Buôn Ma Thuột, Việt Nam","8,1",273,8.9,8.7,8.4,7.6,7.9,1,0,0,0,0,0,0,1,1,167.621,167.549
Đồi Sao Homestay (Doi Sao Homestay),"10/4A Nguyen Lam, Trung tâm thành phố Buôn Ma Thuột, Buôn Ma Thuột, Việt Nam","8,8",269,9.2,9.0,9.8,8.8,9.0,1,0,0,0,0,0,1,1,1,Không có giá trước,324.074
Bob Hotel 2,"30 Hoàng Thế Thiện Bob Hotel 2, Trung tâm thành phố Buôn Ma Thuột, Buôn Ma Thuột, Việt Nam, 0262","7,5",95,7.6,8.4,7.9,7.0,8.2,1,0,0,0,0,0,1,1,1,Không có giá trước,Không có giá sau
The Coffee City - Healing & Retreats,"Robusta, Nguyen Dinh Chieu, Buon Ma Thuot City, Dak Lak, Trung tâm thành phố Buôn Ma Thuột, Buôn Ma Thuột, Việt Nam, 630000","8,3",312,8.6,8.8,8.0,8.4,9.1,1,1,1,1,1,1,1,1,1,Không có giá trước,1.158.494
AEC Hotel Ban Me (Aec Hotel Banme),"162 Nguyễn Văn Cừ, Phường Tân Lập, TP Buôn Ma Thuột, Tỉnh Đắk Lắk, Trung tâm thành phố Buôn Ma Thuột, Buôn Ma Thuột, Việt Nam, 84 262","7,4",332,7.6,7.9,7.5,6.8,7.3,1,1,0,0,1,0,1,1,1,451.472,366.183
Nhà Nghỉ Hoa Mai,"11 Bế Văn Đan, Trung tâm thành phố Buôn Ma Thuột, Buôn Ma Thuột, Việt Nam, 630000","8,8",24,9.2,9.6,9.2,8.5,9.0,0,0,0,0,0,0,1,1,0,499.000,150.196
HOMESTAY AKO EA,"Buon Ako Dhong, Tan Loi Ward, Buon Ma Thuot City, Dak Lak Province, Trung tâm thành phố Buôn Ma Thuột, Buôn Ma Thuột, Việt Nam, 630000","7,9",9,7.7,7.7,7.7,7.7,7.7,1,0,0,0,1,0,1,1,1,1.193.078,712.240
KHÁCH SẠN MỸ NGỌC (KHACH SAN MY NGOC),"20 Ngô Gia Tự, Phường Tự An, Thành phố Buôn Ma Thuột, Trung tâm thành phố Buôn Ma Thuột, Buôn Ma Thuột, Việt Nam","8,6",128,8.6,8.7,8.4,8.0,8.5,1,0,0,0,1,0,1,1,1,435.641,324.074
Khách sạn Hương Mê (Khach san Huong Me),"Đường Tuệ Tĩnh, p. EaTam, 6/8, Trung tâm thành phố Buôn Ma Thuột, Buôn Ma Thuột, Việt Nam","8,3",45,7.8,7.8,7.8,7.7,7.8,0,0,0,0,0,0,1,1,1,Không có giá trước,324.074
Metro Ban Mê Hotel,"136 L&#253; Ch&#237;nh Thắng, Trung tâm thành phố Buôn Ma Thuột, Buôn Ma Thuột, Việt Nam, 630000","7,9",24,10.0,10.0,10.0,8.0,10.0,1,0,0,0,1,0,1,1,1,Không có giá trước,462.963
Zan HomeStay,"37 Hồ Giáo, Trung tâm thành phố Buôn Ma Thuột, Buôn Ma Thuột, Việt Nam","8,4",217,8.2,9.0,8.5,8.2,8.3,1,0,0,0,1,0,0,1,1,Không có giá trước,Không có giá sau
Khach san Hoang Điep 3,"Nguyễn An Ninh 09, 50 phòng, Trung tâm thành phố Buôn Ma Thuột, Buôn Ma Thuột, Việt Nam","8,7",52,8.3,9.0,8.5,8.7,8.7,0,0,0,0,0,0,1,1,1,294.735,264.706
Khách sạn Ngọc Hồi 2,"Hẻm 51 Nguy&#234;̃n T&#226;́t Thành, Trung tâm thành phố Buôn Ma Thuột, Buôn Ma Thuột, Việt Nam, 02623","8,2",16,8.9,8.6,8.6,7.8,8.3,0,0,0,0,0,0,1,1,1,Không có giá trước,Không có giá sau
Khách Sạn Hạo Nhiên,"168 Hùng Vương, Tự An, Trung tâm thành phố Buôn Ma Thuột, Buôn Ma Thuột, Việt Nam, 630000","9,3",17,9.2,9.4,9.5,9.2,9.5,0,0,0,0,0,0,0,1,1,420.722,374.074
Amacon Hotel & Coffee,"101 Đường Lý Thái Tổ 101, Trung tâm thành phố Buôn Ma Thuột, Buôn Ma Thuột, Việt Nam","8,7",143,9.1,9.4,8.2,8.2,8.5,1,0,0,0,0,0,1,1,1,432.388,370.370
Dakruco Hotel,"30 Nguyễn Chí Thanh, Buôn Ma Thuột, Trung tâm thành phố Buôn Ma Thuột, Buôn Ma Thuột, Việt Nam","7,6",833,7.9,7.9,7.6,7.4,7.7,0,1,0,0,1,1,1,1,1,860.656,793.651
Yangsinghotel,"13 Trần Nhật Duật nối dài P. Tân Lợi, Tp. Buôn Ma Thuột, Trung tâm thành phố Buôn Ma Thuột, Buôn Ma Thuột, Việt Nam","8,0",38,8.3,8.0,7.7,7.7,7.6,0,0,0,0,0,0,0,1,1,523.029,462.963
Lak Tented Camp,"Yangtao, Lien Son, Lak District, Daklak, Viet Nam., Huyện Lắk, Buôn Ma Thuột, Việt Nam","8,0",284,8.8,8.9,8.5,7.9,8.2,1,1,0,0,1,1,1,1,1,2.932.388,1.538.304
Hung Vuong Hotel,"44-48/2 Hung Vuong Street, Trung tâm thành phố Buôn Ma Thuột, Buôn Ma Thuột, Việt Nam","7,6",206,8.4,8.1,7.6,Không có,7.6,0,0,0,0,0,1,1,1,1,Không có giá trước,308.642
The 47 House Homestay BMT,"No. 55, Trinh Cong Son, Tan Loi, Trung tâm thành phố Buôn Ma Thuột, Buôn Ma Thuột, Việt Nam, 63000","9,6",67,9.8,10.0,9.8,9.8,9.3,1,0,0,1,1,0,0,1,1,382.405,318.750
Mạnh Hùng Guest House,"48 Trần Huy Liệu street, Tân Thành ward, Trung tâm thành phố Buôn Ma Thuột, Buôn Ma Thuột, Việt Nam, 63117","7,8",34,4.0,2.0,6.0,4.0,6.0,0,1,0,1,1,0,1,1,1,349.900,274.083
Khách sạn Biệt Điện (Biet Dien Hotel),"Số 01 Ngô Quyền, Trung tâm thành phố Buôn Ma Thuột, Buôn Ma Thuột, Việt Nam, 630000","8,3",163,9.0,8.4,8.4,7.8,8.2,1,1,0,0,1,0,0,1,1,Không có giá trước,648.907
Hoang Loc Hotel,"07 - 09 Ybih Aleo, Thang Loi Ward, Trung tâm thành phố Buôn Ma Thuột, Buôn Ma Thuột, Việt Nam","8,1",60,9.5,8.7,8.2,8.9,8.7,1,1,0,0,0,0,1,1,1,Không có giá trước,599.647
Amazing House,"61 Mạc Đĩnh Chi, Trung tâm thành phố Buôn Ma Thuột, Buôn Ma Thuột, Việt Nam","8,8",129,9.3,9.9,9.6,9.3,9.6,1,1,0,0,1,0,1,1,1,Không có giá trước,421.296
The Healing Luxury Hotel,"Testla 07-12, Khu Arabica 1, Thành phố Cà phê, Đường Nguyễn Đình Chiểu, Phường Tân Lợi, Trung tâm thành phố Buôn Ma Thuột, Buôn Ma Thuột, Việt Nam, 63100","9,2",38,9.3,9.4,9.5,9.1,9.5,1,0,0,0,1,1,1,1,1,891.014,583.333
Khách sạn Ban Mê Xanh (Ban Me Xanh Hotel),"86 Nguyễn Chí Thanh, Trung tâm thành phố Buôn Ma Thuột, Buôn Ma Thuột, Việt Nam, 63109","6,6",67,7.1,7.5,6.8,6.4,6.7,0,0,0,0,0,0,1,1,1,600.000,365.972
Nhà Nghỉ Hoàng Hoa (Nha Nghi Hoang Hoa),"01 Phù Đổng, Thành Phố Buôn Mê Thuột 01 Phù Đổng, Trung tâm thành phố Buôn Ma Thuột, Buôn Ma Thuột, Việt Nam","7,3",18,7.8,7.8,7.4,6.6,6.5,0,0,0,0,1,0,0,1,1,256.093,231.481
Khách sạn triệu nguyễn (Khach san trieu nguyen),"6 Cao Đạt, Trung tâm thành phố Buôn Ma Thuột, Buôn Ma Thuột, Việt Nam","8,6",8,9.1,9.1,8.4,8.1,8.4,0,0,0,0,1,0,0,1,0,Không có giá trước,320.833
Nhà Nghỉ Thảo Nguyên Xanh (Nha Nghi THAO NGUYEN XANH),"383/2 Trần Phú, Phường Thành Nhất, Thành Phố Buôn Ma Thuột, Tỉnh Đăk Lăk, Trung tâm thành phố Buôn Ma Thuột, Buôn Ma Thuột, Việt Nam","7,7",98,7.2,7.2,7.4,6.7,6.9,0,0,0,0,1,0,1,1,1,333.247,277.778
Khách sạn Happy Home Daklak,"186 Nguyen Tat Thanh, Ea Kar, Thị Trấn Ea Kar, Huyện Lắk, Buôn Ma Thuột, Việt Nam, 630000","9,7",6,8.7,10.0,10.0,10.0,10.0,0,0,0,0,0,0,0,1,1,1.614.327,415.470
"Nhà mặt đất 30 m² 1 phòng ngủ, 1 phòng tắm riêng ở Trung tâm thành phố Buôn Ma Thuột (Room 04 - Cu M'gar (HomeStay Garden France II))","135 Nguyen Tri Phuong, Thành Công, Trung tâm thành phố Buôn Ma Thuột, Buôn Ma Thuột, Việt Nam","8,5",79,10.0,10.0,10.0,10.0,10.0,1,0,0,0,1,1,0,1,1,Không có giá trước,541.667
Khách sạn Ban Mê Central (Hotel Ban Me Central),"63-65-67 Ngô Quyền,,Phường Tân Lợi,Thành phố Buôn Ma Thuột,Tỉnh Đăk Lăk, Trung tâm thành phố Buôn Ma Thuột, Buôn Ma Thuột, Việt Nam","8,2",87,8.9,8.7,8.3,8.1,8.3,0,1,0,0,0,1,1,1,1,Không có giá trước,Không có giá sau
"Nhà riêng 100 m² 1 phòng ngủ, 1 phòng tắm riêng ở Hòa Thắng (Dancasa Horsefarm’s Bungalow)",", Ea tur, Dancasa Horse Farm & Coffee, Hòa Thắng, Buôn Ma Thuột, Việt Nam","9,7",17,10.0,10.0,10.0,10.0,10.0,1,0,0,0,1,0,1,1,1,Không có giá trước,764.725
Bob Hotel 3,"323 L Thường Kiệt, Trung tâm thành phố Buôn Ma Thuột, Buôn Ma Thuột, Việt Nam, 630000","8,4",23,8.9,8.9,9.3,8.1,8.9,0,0,0,0,0,0,1,1,0,927.769,352.470
Motel 253 Ha Huy Tap,"253 Hà Huy Tập, Nhà Nghỉ 253 Hà Huy Tập, Trung tâm thành phố Buôn Ma Thuột, Buôn Ma Thuột, Việt Nam, 63000","8,8",2,10.0,10.0,10.0,10.0,10.0,1,0,0,0,1,0,1,1,1,Không có giá trước,183.824
TNN GARDEN,"Thôn 7, tnn garden, Hòa Thắng, Buôn Ma Thuột, Việt Nam","8,1",1,5.0,10.0,10.0,7.5,7.5,1,1,0,0,0,1,1,1,1,Không có giá trước,1.047.794
Dam San Hotel,"212 Nguyen Cong Tru, Trung tâm thành phố Buôn Ma Thuột, Buôn Ma Thuột, Việt Nam","8,5",141,8.7,9.0,8.7,8.4,8.8,0,0,0,0,1,0,1,1,1,Không có giá trước,645.503
Khang Hy Hotel,"162 Lý Chính Thắng, Khang Hy Hotel, Trung tâm thành phố Buôn Ma Thuột, Buôn Ma Thuột, Việt Nam, 63000","7,5",92,7.9,8.3,7.6,7.6,7.7,0,0,0,0,0,0,1,1,1,1.954.733,327.187
Lak village,"70 Y Jut, Huyện Lắk, Buôn Ma Thuột, Việt Nam","9,4",12,9.6,9.4,9.5,8.8,9.6,0,0,0,0,1,0,0,1,1,Không có giá trước,378.241
NHÀ NGHỈ VÂN ANH (NHA NGHI VAN ANH),"04 YƠN, Trung tâm thành phố Buôn Ma Thuột, Buôn Ma Thuột, Việt Nam","5,3",28,5.9,5.3,6.0,5.2,5.1,0,0,0,0,0,0,1,1,1,170.000,117.846
Sala coffee & homestay,"18 Nguyễn Đình Chiểu, Trung tâm thành phố Buôn Ma Thuột, Buôn Ma Thuột, Việt Nam","9,1",31,9.5,9.2,9.2,8.9,8.8,0,0,0,0,0,0,0,1,1,Không có giá trước,444.444
Jun's Home,"Room 171, Nguyen Thai Binh Alley, Hoa Thang Jun's Home, Jun's Home, Hòa Thắng, Buôn Ma Thuột, Việt Nam, 630000","9,0",10,9.0,8.7,9.0,8.7,9.0,0,1,0,0,1,0,1,1,1,Không có giá trước,Không có giá sau
DANCASA FARMSTAY,", Ea tur, Dancasa Horse Farm & Homestay, Hòa Thắng, Buôn Ma Thuột, Việt Nam","9,8",9,10.0,10.0,10.0,9.8,10.0,1,0,0,0,0,0,0,1,1,Không có giá trước,Không có giá sau
Nhà và cà phê HP (HP home & coffee),"23/1 Ho Tung Mau, Trung tâm thành phố Buôn Ma Thuột, Buôn Ma Thuột, Việt Nam, 63100","7,8",69,7.6,8.1,7.2,7.3,8.2,1,0,0,1,0,0,0,1,1,507.047,297.917
Đại Nam Villa - Biệt thự trung tâm thành phố Buôn Ma Thuột (Dai Nam Villa),"272 Le Thanh Tong, Tan Loi Ward, Trung tâm thành phố Buôn Ma Thuột, Buôn Ma Thuột, Việt Nam, 63000","9,3",101,9.0,9.2,9.2,9.2,9.8,1,1,0,1,0,0,1,1,1,2.000.000,632.996
Lá Giang Garden BMT (La Giang Garden BMT),"10/36 Nguyễn Lâm, Trung tâm thành phố Buôn Ma Thuột, Buôn Ma Thuột, Việt Nam, 63000","9,6",11,9.0,10.0,10.0,9.5,9.5,1,0,0,0,0,0,1,1,1,320.756,291.667
ECO BMT LUXURY HOTEL,"Tân An, Khách sạn Eco BMT LUXURY HOTEL, Trung tâm thành phố Buôn Ma Thuột, Buôn Ma Thuột, Việt Nam","3,9",1,2.5,5.0,5.0,5.0,2.5,0,0,0,0,0,0,1,1,1,551.396,362.714
Hoang Linh Hotel,"No. 297, Hoang Dieu, Thong Nhat Ward, Buon Ma Thuot City, Dak Lak, Trung tâm thành phố Buôn Ma Thuột, Buôn Ma Thuột, Việt Nam","7,9",25,8.8,7.2,6.8,6.4,7.2,0,0,0,0,0,0,1,1,1,1.208.712,308.120
Khách sạn Kim Ngân (Kim Ngan hotel),"No. 198, Nguyen Van Cu, Tan Lap Ward, Buon Ma Thuot City, Vietnam, Trung tâm thành phố Buôn Ma Thuột, Buôn Ma Thuột, Việt Nam","7,9",67,7.4,7.2,8.0,7.2,8.0,1,0,0,0,0,0,1,1,1,1.210.002,298.491
An Land Garden Homestay,"20b Y Wang, Trung tâm thành phố Buôn Ma Thuột, Buôn Ma Thuột, Việt Nam, 630000","9,8",3,8.8,10.0,10.0,10.0,10.0,1,0,0,0,0,0,1,1,1,Không có giá trước,740.741
Thanh Ngoc Motel,"118 Đinh Tiên Hoàng, Trung tâm thành phố Buôn Ma Thuột, Buôn Ma Thuột, Việt Nam, 630000","8,8",235,8.3,8.9,8.4,8.3,8.3,0,0,0,0,1,0,1,1,1,339.318,277.778
Buon's Garden,"So 45, To 3, Thôn Cao Thành, Ea Kao, Thành phố Buôn Ma Thuột, Buôn Ma Thuột, Việt Nam, 630000",Không có điểm đánh giá,Không có số nhận xét,Không có,Không có,Không có,Không có,Không có,1,0,0,0,1,0,0,1,1,Không có giá trước,Không có giá sau
Nhà gỗ Queeny’s Farmstay (Queeny’s Farmstay Wooden House),"442/139 Y Moan &#202;nu&#244;l, Trung tâm thành phố Buôn Ma Thuột, Buôn Ma Thuột, Việt Nam, 630000","9,3",46,9.2,9.7,9.6,9.0,9.2,1,1,0,1,0,0,1,1,1,1.006.158,730.112
Gạo House (Gao House),"184/57 54A Đồng Khởi, Trung tâm thành phố Buôn Ma Thuột, Buôn Ma Thuột, Việt Nam, 63000",10,1,10.0,10.0,10.0,10.0,10.0,1,0,0,0,1,0,1,1,1,703.227,696.599
Vườn Pháp 3 Homestay (Vuon Phap 3 Homestay),"185/20/23 Đinh Tiên Hoàng, phường Tự An, Buon Me Thuot, Vietnam, Trung tâm thành phố Buôn Ma Thuột, Buôn Ma Thuột, Việt Nam","7,1",56,7.6,8.2,7.4,7.4,7.3,0,0,0,0,1,0,1,1,1,697.155,509.259
"Nhà riêng 25 m² 1 phòng ngủ, 1 phòng tắm riêng ở Trung tâm thành phố Buôn Ma Thuột (Room 03, Cu Kuin (HomeStay Garden Phap II))","Trung tâm thành phố Buôn Ma Thuột, Buôn Ma Thuột, Việt Nam","8,7",26,8.3,8.3,7.2,7.4,8.0,0,0,0,0,0,0,0,1,0,483.780,441.964
T Farmstay villa and resort at Buon Ma Thuot City,"hẻm 7 đường 10/3, T Farmstay, Trung tâm thành phố Buôn Ma Thuột, Buôn Ma Thuột, Việt Nam","6,1",38,6.0,6.1,6.7,6.1,6.3,0,0,1,0,0,0,1,1,1,800.000,379.131
The Highland House,"79 Van Tien Dung, Ward Tan An, Trung tâm thành phố Buôn Ma Thuột, Buôn Ma Thuột, Việt Nam","9,6",1,10.0,10.0,10.0,10.0,10.0,1,0,0,0,1,0,0,1,1,Không có giá trước,6.172.840
LAK VIEW,"71B Y JUT,LIEN SON,LAK,DAK LAK, Huyện Lắk, Buôn Ma Thuột, Việt Nam, 02623","8,6",14,9.0,8.5,8.8,8.3,8.8,0,1,0,0,1,0,1,1,1,599.000,289.633
Nhà Khách T284 (Nha Khach T284),"21b Mai Hắc Đế, phường Tân Thành, thành Phố Buôn Ma Thuột, tỉnh dăklak số 21b mai hắc đế, Trung tâm thành phố Buôn Ma Thuột, Buôn Ma Thuột, Việt Nam","7,5",80,8.7,8.2,7.9,6.4,7.9,0,1,0,0,1,0,1,1,1,Không có giá trước,425.926
Thanh Ngoc Motel 2,"57 Lê Duẩn, Trung tâm thành phố Buôn Ma Thuột, Buôn Ma Thuột, Việt Nam","8,8",66,8.7,9.2,9.0,8.8,8.9,0,0,0,0,1,0,1,1,1,Không có giá trước,Không có giá sau
BAN ME CENTRAL HOTEL 2,"14 Y Bih Alêô, Tân Lợi, BAN ME CENTRAL HOTEL 2, Trung tâm thành phố Buôn Ma Thuột, Buôn Ma Thuột, Việt Nam, 63000","8,9",27,9.4,9.6,9.4,9.0,9.4,0,0,0,0,0,0,1,1,1,Không có giá trước,Không có giá sau
Nam Sơn Hotel Dak Lak,"10 Lê Văn Hưu, Ea Tam, Trung tâm thành phố Buôn Ma Thuột, Buôn Ma Thuột, Việt Nam, 630000","4,5",3,6.0,6.0,6.0,6.0,6.0,0,0,0,0,0,0,1,1,1,551.761,136.112
Khách Sạn Thiên Phong (Khach San Thien Phong),"211 Hà Huy Tập, Phường Tân Lợi, Trung tâm thành phố Buôn Ma Thuột, Buôn Ma Thuột, Việt Nam","7,3",42,7.4,7.4,7.7,7.3,7.7,0,0,0,0,1,0,1,1,1,Không có giá trước,277.778
Van Long Lakeside View Guesthouse,"71b Y Jut, Huyện Lắk, Buôn Ma Thuột, Việt Nam, 630000","7,9",18,9.6,8.5,8.5,7.9,7.3,0,0,0,0,0,0,1,1,1,950.000,313.307
THE MYST No47 HOUSE BUON MA THUOT,"38 Lê Anh Xuân Lô 38 Lê Anh Xuân, phường Thắng Lợi, Thành phố Buôn Ma Thuột, Trung tâm thành phố Buôn Ma Thuột, Buôn Ma Thuột, Việt Nam","8,3",71,8.8,9.2,9.1,9.4,9.3,1,0,0,1,0,0,0,1,1,749.805,629.630
Khôi Đại Hotel (Khoi Đai Hotel),"47 Nguyễn Lương Bằng, Trung tâm thành phố Buôn Ma Thuột, Buôn Ma Thuột, Việt Nam","7,5",16,6.0,6.8,5.9,5.9,6.2,0,0,0,0,1,0,1,1,1,545.364,450.185
"Nhà mặt đất 100 m² 2 phòng ngủ, 1 phòng tắm riêng ở Trung tâm thành phố Buôn Ma Thuột (Happy Homestay)","251 Nguyen Thi Dinh, Trung tâm thành phố Buôn Ma Thuột, Buôn Ma Thuột, Việt Nam, 630000","9,0",292,9.1,9.7,9.5,9.0,9.3,1,1,0,1,0,0,0,1,1,Không có giá trước,203.704
Khách Sạn Tuấn Vũ (Tuan Vu Hotel),"07 PHAN TRỌNG TUỆ, Trung tâm thành phố Buôn Ma Thuột, Buôn Ma Thuột, Việt Nam, 63000","8,6",11,8.9,9.1,8.7,7.6,8.9,1,1,0,1,1,1,1,1,1,636.889,433.665
Nhà nghỉ Sim BMT (Nha nghi Sim BMT),"40 Ngô Gia Tự, phường Tân An, thành phố Buôn Ma Thuột, Trung tâm thành phố Buôn Ma Thuột, Buôn Ma Thuột, Việt Nam, 02623",Không có điểm đánh giá,Không có số nhận xét,Không có,Không có,Không có,Không có,Không có,0,0,0,0,0,0,0,1,1,Không có giá trước,270.455
"Căn hộ 16 m² 3 phòng ngủ, 3 phòng tắm riêng ở Thành phố Buôn Ma Thuột (Luxurious, Private. Peaceful, Convenient, Clean.)","Trung tâm thành phố Buôn Ma Thuột, Buôn Ma Thuột, Việt Nam","2,2",2,2.0,2.0,2.0,2.0,3.0,0,0,0,0,0,0,0,0,0,230.000,175.127
"Căn hộ 20 m² 1 phòng ngủ, 1 phòng tắm riêng ở Trung tâm thành phố Buôn Ma Thuột (Phòng đơn)","Trung tâm thành phố Buôn Ma Thuột, Buôn Ma Thuột, Việt Nam","7,6",4,7.3,7.3,7.3,7.3,7.3,0,0,0,0,0,0,0,0,0,264.550,228.426
HARMONY Botanic,"66/6 Nguyễn Công Trứ, Trung tâm thành phố Buôn Ma Thuột, Buôn Ma Thuột, Việt Nam, 63000","9,8",3,10.0,10.0,10.0,10.0,10.0,0,0,0,0,0,0,0,1,1,Không có giá trước,2.444.444
Khách sạn Lys (Lys Hotel),"Nguyễn Thượng Hiền, Trung tâm thành phố Buôn Ma Thuột, Buôn Ma Thuột, Việt Nam","8,3",176,8.1,8.5,8.5,7.8,8.4,0,1,0,1,0,0,0,1,1,377.093,308.642
Khách Sạn Trung Anh 78 HAI BÀ TRƯNG BMT (Khach San Trung Anh 78 HAI BA TRUNG BMT),"78 HAI BÀ TRƯNG PHƯỜNG THẮNG LỢI, Trung tâm thành phố Buôn Ma Thuột, Buôn Ma Thuột, Việt Nam","8,8",8,9.2,8.9,8.7,8.6,9.0,0,0,0,0,0,0,0,1,1,Không có giá trước,324.074
Kakul A'House,"279 Nguyễn Hữu Thấu, Trung tâm thành phố Buôn Ma Thuột, Buôn Ma Thuột, Việt Nam","8,3",3,10.0,10.0,10.0,10.0,10.0,1,0,0,0,0,0,1,1,1,Không có giá trước,1.250.000
Nhà Của Mom (Nha Cua Mom),"487/18 Nguyễn Văn Cừ, Trung tâm thành phố Buôn Ma Thuột, Buôn Ma Thuột, Việt Nam","7,3",4,5.8,7.5,5.8,6.7,6.7,1,1,1,0,1,1,1,1,1,Không có giá trước,416.667
Khách sạn Lộc Sơn (Loc Son Hotel),"10 Phan Đăng Lưu, Tân An, Lộc Sơn, 7 tầng, Trung tâm thành phố Buôn Ma Thuột, Buôn Ma Thuột, Việt Nam, 63109","8,8",35,8.9,8.6,8.0,8.9,9.4,1,0,0,0,1,0,1,1,1,Không có giá trước,462.963
homestay nhà sàn,"Y Wang, H'Đơk, Ea Kao, Trung tâm thành phố Buôn Ma Thuột, Buôn Ma Thuột, Việt Nam",10,3,10.0,10.0,10.0,10.0,10.0,1,0,0,0,0,0,1,1,1,Không có giá trước,324.074
"Nhà trệt 30 m² 1 phòng ngủ, 1 phòng tắm riêng ở Trung tâm thành phố Buôn Ma Thuột (Cọ Cùn Homestay/ Handmade/ Paintings (1 qbed))","Trung tâm thành phố Buôn Ma Thuột, Buôn Ma Thuột, Việt Nam","8,5",11,10.0,10.0,9.7,9.0,10.0,1,0,0,1,0,0,0,0,0,390.103,359.326
THIÊN NGA HOTEL,"261 Lê Duẩn, 261, Trung tâm thành phố Buôn Ma Thuột, Buôn Ma Thuột, Việt Nam","8,1",41,8.9,9.1,8.6,8.7,8.9,0,0,0,0,0,0,1,1,1,Không có giá trước,Không có giá sau
"Nhà riêng 45 m² 2 phòng ngủ, 2 phòng tắm riêng ở Hòa Thắng (Xom Sinh Homestay & Farmstay Buon Ma Thuot Dak Lak)",", Buon Ma Thuot, Hòa Thắng, Buôn Ma Thuột, Việt Nam, 630000","9,6",13,10.0,10.0,10.0,10.0,10.0,1,1,0,0,0,0,1,1,1,662.265,572.610
"Nhà riêng 550 m² 15 phòng ngủ, 15 phòng tắm riêng ở Huyện Lắk (Lak View Hotel)","71b Y Jut,Lien Son,, Huyện Lắk, Buôn Ma Thuột, Việt Nam, 63000","9,0",81,9.9,9.7,9.6,8.9,9.4,0,1,0,0,1,0,1,1,1,Không có giá trước,398.148
"Nhà trệt 1500 m² 1 phòng ngủ, 1 phòng tắm riêng ở Hòa Thắng (Tâm An Lakeview House)","Hòa Thắng, Buôn Ma Thuột, Việt Nam","9,8",6,9.6,10.0,10.0,9.6,9.6,1,0,0,1,0,0,0,1,1,824.660,724.421
The Lake Farm - Dak Lak,"Ea Tiêu, Cư Kuin District, Dak Lak, Vietnam, Hòa Thắng, Buôn Ma Thuột, Việt Nam","9,9",3,9.2,10.0,10.0,10.0,10.0,0,0,1,0,1,1,1,1,1,Không có giá trước,1.068.750
"Nhà riêng 25 m² 1 phòng ngủ, 1 phòng tắm riêng ở Trung tâm thành phố Buôn Ma Thuột (Double Room 1: Có Toilet Riêng)","Trung tâm thành phố Buôn Ma Thuột, Buôn Ma Thuột, Việt Nam",10,1,10.0,10.0,10.0,10.0,10.0,1,0,0,0,0,0,0,1,0,Không có giá trước,495.529
"Nhà riêng 40 m² 1 phòng ngủ, 0 phòng tắm riêng ở Trung tâm thành phố Buôn Ma Thuột (Room 02 - M' Drak (Vườn Pháp II Homestay))","Trung tâm thành phố Buôn Ma Thuột, Buôn Ma Thuột, Việt Nam","8,8",3,8.0,8.7,9.3,8.7,9.3,1,0,0,0,0,0,0,1,0,Không có giá trước,879.683
Homestay Lưng Đồi (Homestay Lung Đoi),"Trung tâm thành phố Buôn Ma Thuột, Buôn Ma Thuột, Việt Nam",Không có điểm đánh giá,Không có số nhận xét,Không có,Không có,Không có,Không có,Không có,1,0,0,1,0,0,0,0,0,2.124.209,1.608.456
"Nhà riêng 32 m² 1 phòng ngủ, 1 phòng tắm riêng ở Trung tâm thành phố Buôn Ma Thuột (Double Room 2: Có Toilet Riêng View Nhìn Ra Hồ)","Trung tâm thành phố Buôn Ma Thuột, Buôn Ma Thuột, Việt Nam","9,2",5,9.5,10.0,9.0,8.5,10.0,1,0,0,0,0,0,0,1,0,Không có giá trước,533.646
Cọ Homestay,"No. 18, Alley Giải Phóng, Tan Loi Ward, Tan Loi, Phường Tân Lợi, Trung tâm thành phố Buôn Ma Thuột, Buôn Ma Thuột, Việt Nam, 63000","8,5",6,8.8,9.2,9.2,9.6,9.2,0,0,0,0,1,0,1,1,0,611.935,531.042
Ninh Hoa Garden,"Buon Sut M'grư, Cu Sue, Buon Ma Thuot City, Dak Lak Province, Vietnam Ninh Hoa Garden, Ninh Hoa Garden, Trung tâm thành phố Buôn Ma Thuột, Buôn Ma Thuột, Việt Nam","8,7",31,8.2,8.7,8.8,8.9,9.0,1,0,0,0,1,0,1,1,1,Không có giá trước,Không có giá sau
Hotel Phu Hai,"22 Ly Tu Trong, Trung tâm thành phố Buôn Ma Thuột, Buôn Ma Thuột, Việt Nam","9,6",6,8.6,8.9,7.4,8.7,8.6,0,0,0,0,0,0,1,1,1,323.749,246.914
"Nhà riêng 25 m² 1 phòng ngủ, 0 phòng tắm riêng ở Trung tâm thành phố Buôn Ma Thuột (Room 11, Krong Nang (Vườn Pháp II Homestay))","Trung tâm thành phố Buôn Ma Thuột, Buôn Ma Thuột, Việt Nam","9,7",6,10.0,10.0,10.0,10.0,10.0,0,0,0,0,0,0,0,1,0,553.387,449.650
Thanh Binh Hotel,"24 Lý Thường Kiệt, Trung tâm thành phố Buôn Ma Thuột, Buôn Ma Thuột, Việt Nam","7,6",13,8.1,7.8,7.1,6.8,7.0,0,0,0,0,0,0,0,1,1,277.344,259.259
Hiệp Phát (Hiep Phat),"23 KoTam, Ea Tu, Hòa Thắng, Buôn Ma Thuột, Việt Nam, 63000",Không có điểm đánh giá,Không có số nhận xét,Không có,Không có,Không có,Không có,Không có,1,0,0,0,0,0,1,1,1,276.043,275.735
Khách sạn Cát Phú (Cat Phu Hotel),"113 Hai Ba Trung, Thang Loi Ward, Buon Ma Thuot City, Dak Lak, Trung tâm thành phố Buôn Ma Thuột, Buôn Ma Thuột, Việt Nam, 630000","7,5",6,9.5,9.0,8.5,8.0,8.5,1,0,0,0,0,0,1,1,1,1.306.423,266.865
Homestay Lưng Đồi (Homestay Lung Đoi),"Trung tâm thành phố Buôn Ma Thuột, Buôn Ma Thuột, Việt Nam",Không có điểm đánh giá,Không có số nhận xét,Không có,Không có,Không có,Không có,Không có,0,0,0,0,0,0,0,0,0,556.857,551.471
Sao Khuê Hotel 2,"No. 28, Ly Tu Trong Street, Tan An, Buon Ma Thuot City, Trung tâm thành phố Buôn Ma Thuột, Buôn Ma Thuột, Việt Nam","4,0",1,Không có,Không có,Không có,Không có,Không có,0,0,0,0,0,0,1,1,1,1.381.338,340.758
"Nhà trệt 20 m² 8 phòng ngủ, 1 phòng tắm riêng ở Huyện Lắk (Van Long Lak Lake Apartment)","Huyện Lắk, Buôn Ma Thuột, Việt Nam","7,9",7,8.0,8.8,8.4,7.2,7.2,1,0,0,0,0,0,0,0,0,990.546,634.688
"Căn hộ m² 1 phòng ngủ, 1 phòng tắm riêng ở Trung tâm thành phố Buôn Ma Thuột (Phòng vip)","Trung tâm thành phố Buôn Ma Thuột, Buôn Ma Thuột, Việt Nam","6,0",1,6.0,6.0,6.0,6.0,6.0,1,0,0,0,0,0,0,0,0,325.267,304.568
EaPuk Motel,"199 Y Wang, Ea Tam, EaPuk Motel, Trung tâm thành phố Buôn Ma Thuột, Buôn Ma Thuột, Việt Nam","9,9",6,10.0,10.0,10.0,10.0,10.0,1,1,0,0,0,0,0,1,1,Không có giá trước,Không có giá sau
Nhà nghỉ Đô Thành (Nha nghi Đo Thanh),"54 Ama Jhao, Trung tâm thành phố Buôn Ma Thuột, Buôn Ma Thuột, Việt Nam, 680000",10,1,10.0,10.0,10.0,10.0,10.0,0,0,0,0,0,0,0,1,0,Không có giá trước,231.481
"Nhà mặt đất 20 m² 1 phòng ngủ, 1 phòng tắm riêng ở Trung tâm thành phố Buôn Ma Thuột (Cọ Cùn Homestay/ Handmade/ Paintings (2beds))","Trung tâm thành phố Buôn Ma Thuột, Buôn Ma Thuột, Việt Nam","9,2",21,9.5,9.8,9.9,9.2,9.9,1,0,0,0,0,0,0,0,0,544.713,422.748
"Căn hộ m² 1 phòng ngủ, 1 phòng tắm riêng ở Trung tâm thành phố Buôn Ma Thuột (Home Cine - Homestay Cinema)","Trung tâm thành phố Buôn Ma Thuột, Buôn Ma Thuột, Việt Nam","8,0",1,8.0,8.0,8.0,8.0,8.0,1,0,0,0,0,0,0,0,0,581.780,322.537
Cọ cùn homestay/ Handmade/ Artwork (2 beds) (Co cun homestay/ Handmade/ Artwork (2 beds)),"Trung tâm thành phố Buôn Ma Thuột, Buôn Ma Thuột, Việt Nam","9,3",16,9.5,9.1,9.5,9.3,9.5,0,0,0,0,0,0,0,0,0,584.830,541.667
IRIS HOME CINEMA,"421 Lê Duẩn, Ea Tam, Trung tâm thành phố Buôn Ma Thuột, Buôn Ma Thuột, Việt Nam, 63000",Không có điểm đánh giá,Không có số nhận xét,Không có,Không có,Không có,Không có,Không có,1,0,0,0,0,0,1,1,1,Không có giá trước,320.072
Kim Đồng Riverside (Kim Đong Riverside),"75/205b Nguyễn Lương Bằng, Trung tâm thành phố Buôn Ma Thuột, Buôn Ma Thuột, Việt Nam",Không có điểm đánh giá,Không có số nhận xét,Không có,Không có,Không có,Không có,Không có,0,0,0,0,0,0,0,1,1,Không có giá trước,625.000
Thao Nguyen Xanh,"383 Trần Phú, Trung tâm thành phố Buôn Ma Thuột, Buôn Ma Thuột, Việt Nam","8,1",25,8.3,8.2,8.5,7.4,7.9,1,0,0,0,1,0,1,1,1,342.397,269.583
Song Anh Hotel,"20-22 Hai Bà Trưng, Phường Thắng Lợi, Thành phố Buôn Ma Thuột, Đăk Lăk, Trung tâm thành phố Buôn Ma Thuột, Buôn Ma Thuột, Việt Nam","8,3",25,9.4,9.0,8.4,8.9,8.5,1,0,0,0,0,0,1,1,1,Không có giá trước,600.000
Cọ cùn homestay R3 (Co cun homestay R3),"Trung tâm thành phố Buôn Ma Thuột, Buôn Ma Thuột, Việt Nam",Không có điểm đánh giá,Không có số nhận xét,Không có,Không có,Không có,Không có,Không có,1,0,0,0,0,0,0,0,0,Không có giá trước,407.407
The Attica Hotel in Ban Me,"No. 36, Tran Hung Dao Street, Trung tâm thành phố Buôn Ma Thuột, Buôn Ma Thuột, Việt Nam, 630000.","8,1",11,8.7,8.0,7.3,8.0,8.4,0,0,0,0,1,0,1,1,0,Không có giá trước,Không có giá sau
"Nhà trệt m² 1 phòng ngủ, 1 phòng tắm riêng ở Hòa Thắng (Wood Bulgalow with paddy field view)","Hòa Thắng, Buôn Ma Thuột, Việt Nam",10,1,10.0,10.0,10.0,10.0,10.0,1,0,0,1,0,0,0,0,0,850.000,613.511
"Nhà riêng 45 m² 1 phòng ngủ, 1 phòng tắm riêng ở Trung tâm thành phố Buôn Ma Thuột (Family 3: Phòng 4 người)","Trung tâm thành phố Buôn Ma Thuột, Buôn Ma Thuột, Việt Nam","9,4",2,10.0,10.0,10.0,8.0,9.0,1,0,0,0,0,0,0,1,0,Không có giá trước,1.010.411
"Căn hộ 650 m² 11 phòng ngủ, 11 phòng tắm riêng ở Hòa Thắng (Nhà nghỉ Hoàng Gia )","Hòa Thắng, Buôn Ma Thuột, Việt Nam",Không có điểm đánh giá,Không có số nhận xét,Không có,Không có,Không có,Không có,Không có,1,0,0,0,0,0,0,0,0,818.588,317.491
"Biệt thự 200 m² 2 phòng ngủ, 2 phòng tắm riêng ở Hòa Thắng (Homstay Gia Đình)","Hòa Thắng, Buôn Ma Thuột, Việt Nam","9,3",5,8.4,9.6,9.6,9.2,9.6,1,0,0,1,0,0,0,0,0,1.755.228,1.080.385
"Nhà riêng 100 m² 1 phòng ngủ, 1 phòng tắm riêng ở Hòa Thắng (Dancasa Horse Farm’s Wood House)","Hòa Thắng, Buôn Ma Thuột, Việt Nam",Không có điểm đánh giá,Không có số nhận xét,Không có,Không có,Không có,Không có,Không có,1,0,0,0,0,0,0,0,0,Không có giá trước,1.319.139
"Nhà riêng m² 1 phòng ngủ, 1 phòng tắm riêng ở Trung tâm thành phố Buôn Ma Thuột (Chà Là Retreat)","Trung tâm thành phố Buôn Ma Thuột, Buôn Ma Thuột, Việt Nam",Không có điểm đánh giá,Không có số nhận xét,Không có,Không có,Không có,Không có,Không có,1,0,0,0,0,0,0,1,0,Không có giá trước,371.204
"Nhà riêng 30 m² 1 phòng ngủ, 1 phòng tắm riêng ở Trung tâm thành phố Buôn Ma Thuột (Phòng 06- Dorm Ea Kar(homestayII))","Trung tâm thành phố Buôn Ma Thuột, Buôn Ma Thuột, Việt Nam",10,2,10.0,10.0,10.0,10.0,10.0,1,0,0,1,0,0,0,1,0,1.093.980,938.239
"Căn hộ m² 1 phòng ngủ, 1 phòng tắm riêng ở Trung tâm thành phố Buôn Ma Thuột (Motel 253)","Trung tâm thành phố Buôn Ma Thuột, Buôn Ma Thuột, Việt Nam",Không có điểm đánh giá,Không có số nhận xét,Không có,Không có,Không có,Không có,Không có,0,0,0,0,0,0,0,0,0,340.000,173.451
"Căn hộ 30 m² 1 phòng ngủ, 1 phòng tắm riêng ở Trung tâm thành phố Buôn Ma Thuột (Cọ Cùn Homestay/ Handmade/ Paintings (single beds))","Trung tâm thành phố Buôn Ma Thuột, Buôn Ma Thuột, Việt Nam","9,8",2,10.0,10.0,10.0,9.0,10.0,1,0,0,0,0,0,0,0,0,382.080,376.630
"20 m² 1 phòng ngủ, 1 phòng tắm riêng ở Hòa Thắng (The Forester - Tâm An Lakeview)","Hòa Thắng, Buôn Ma Thuột, Việt Nam","9,0",2,8.0,10.0,10.0,10.0,10.0,1,0,0,1,0,0,0,1,0,1.000.000,366.971
Nhà Trong Phố - The Chilling House (Nha Trong Pho - The Chilling House),"28/9 Nguyễn Tuân, P. Tân Thành, TP.Buôn Ma Thuột, Đăk Lăk, Trung tâm thành phố Buôn Ma Thuột, Buôn Ma Thuột, Việt Nam",10,2,10.0,10.0,10.0,10.0,10.0,1,0,0,0,0,0,1,1,1,Không có giá trước,2.172.941
Nhà vườn Ban Mê (Nha vuon Ban Me),"Trung tâm thành phố Buôn Ma Thuột, Buôn Ma Thuột, Việt Nam",Không có điểm đánh giá,Không có số nhận xét,Không có,Không có,Không có,Không có,Không có,1,0,0,1,0,0,0,0,0,Không có giá trước,425.000
"Nhà riêng 130 m² 3 phòng ngủ, 3 phòng tắm riêng ở Trung tâm thành phố Buôn Ma Thuột (3L Home)","Trung tâm thành phố Buôn Ma Thuột, Buôn Ma Thuột, Việt Nam",Không có điểm đánh giá,Không có số nhận xét,Không có,Không có,Không có,Không có,Không có,1,0,0,0,0,0,0,0,1,Không có giá trước,2.327.800
EaKao Motel,"225b Đường Ven Hồ Eakao, Thành phố Buôn Ma Thuột, Buôn Ma Thuột, Việt Nam, 63000","9,9",23,9.4,10.0,10.0,10.0,10.0,0,0,0,0,0,0,0,1,1,310.955,207.207
Khu du lịch Suối Ong (Khu du lich Suoi Ong),"Khu Du Lịch Suối Ong 568 Võ Văn Kiệt P. Khánh XuânTP. Buôn Ma Thuột T Đắk Lắk, Buôn Buôr, Buôn Buôr, Việt Nam","9,2",2,9.0,10.0,9.0,8.0,10.0,0,0,0,0,0,0,1,1,1,Không có giá trước,367.647
Boss cà phê & Homestay (Boss ca phe & Homestay),"220 Trần Nhân Tông, Buôn Buôr, Buôn Buôr, Việt Nam","8,5",26,8.5,9.1,8.9,9.1,8.4,0,0,0,0,0,0,0,1,1,318.978,289.522
"Nhà mặt đất 150 m² 2 phòng ngủ, 1 phòng tắm riêng ở Trung tâm thành phố Buôn Ma Thuột (An 2 Homestay Buon Ma Thuot)","Trung tâm thành phố Buôn Ma Thuột, Buôn Ma Thuột, Việt Nam",Không có điểm đánh giá,Không có số nhận xét,Không có,Không có,Không có,Không có,Không có,0,0,0,1,0,0,0,1,0,Không có giá trước,41.369.048
"Nhà riêng 110 m² 2 phòng ngủ, 1 phòng tắm riêng ở Trung tâm thành phố Buôn Ma Thuột (Nguyên Căn Vip 2: Buôn Hồ (Homestay Vườn Pháp II))","Trung tâm thành phố Buôn Ma Thuột, Buôn Ma Thuột, Việt Nam",Không có điểm đánh giá,Không có số nhận xét,Không có,Không có,Không có,Không có,Không có,1,0,0,0,0,0,0,1,0,2.292.768,2.151.190
KHÁCH SẠN HỒNG KÔNG (KHACH SAN HONG KONG),"05 Lý Tự Trọng, P.Tân An, TP.Buôn Ma Thuột, Đắk Lắk, Trung tâm thành phố Buôn Ma Thuột, Buôn Ma Thuột, Việt Nam, 63000","7,4",24,8.8,8.3,8.5,6.5,6.5,1,0,0,0,1,0,1,1,1,Không có giá trước,Không có giá sau
Homestay Nhà Sàn Bên Suối (Homestay Nha San Ben Suoi),"274/18 Xô Viết Nghệ Tĩnh, Trung tâm thành phố Buôn Ma Thuột, Buôn Ma Thuột, Việt Nam",Không có điểm đánh giá,Không có số nhận xét,Không có,Không có,Không có,Không có,Không có,0,0,0,0,0,0,0,1,1,Không có giá trước,1.111.111
Troh Bư's Bungalows (Troh Bu's Bungalows),"Buôn Niêng 3, xã Ea Nhuol, huyện Buôn Đôn, Đắk Lắk Buôn Đôn, Đắk Lắk, Trung tâm thành phố Buôn Ma Thuột, Buôn Ma Thuột, Việt Nam","7,7",7,8.1,10.0,6.9,5.6,7.5,1,1,0,0,1,0,1,1,1,Không có giá trước,551.471
The Lake Farm - Dak Lak,"Hòa Thắng, Buôn Ma Thuột, Việt Nam",10,1,10.0,10.0,10.0,10.0,10.0,0,0,0,1,0,0,0,1,0,Không có giá trước,717.593
"Căn hộ 26 m² 1 phòng ngủ, 1 phòng tắm riêng ở Hòa Thắng (VILLA VIP 1)","Hòa Thắng, Buôn Ma Thuột, Việt Nam",Không có điểm đánh giá,Không có số nhận xét,Không có,Không có,Không có,Không có,Không có,0,0,0,0,0,0,0,0,0,1.800.000,1.475.968
"Nhà riêng 35 m² 1 phòng ngủ, 1 phòng tắm riêng ở Hòa Thắng (Dancasa Garden Cabin)","Hòa Thắng, Buôn Ma Thuột, Việt Nam",Không có điểm đánh giá,Không có số nhận xét,Không có,Không có,Không có,Không có,Không có,1,0,0,0,0,0,0,1,0,925.926,845.157
"Nhà riêng 50 m² 1 phòng ngủ, 1 phòng tắm riêng ở Hòa Thắng (Xóm Sình Homestay & Farmstay Buôn Ma Thuột Đắk Lắk)","Hòa Thắng, Buôn Ma Thuột, Việt Nam",Không có điểm đánh giá,Không có số nhận xét,Không có,Không có,Không có,Không có,Không có,1,0,0,0,0,0,0,1,0,1.207.085,693.397
"Nhà riêng 25 m² 1 phòng ngủ, 1 phòng tắm riêng ở Trung tâm thành phố Buôn Ma Thuột (Ban Me Garden House)","Trung tâm thành phố Buôn Ma Thuột, Buôn Ma Thuột, Việt Nam",Không có điểm đánh giá,Không có số nhận xét,Không có,Không có,Không có,Không có,Không có,1,0,0,1,0,0,0,0,0,800.000,416.714
"Biệt thự 500 m² 1 phòng ngủ, 1 phòng tắm riêng ở Trung tâm thành phố Buôn Ma Thuột (Deno Apartment)","Trung tâm thành phố Buôn Ma Thuột, Buôn Ma Thuột, Việt Nam","3,2",1,4.0,2.0,2.0,2.0,6.0,1,0,0,1,0,0,0,1,1,489.907,427.018
Happy House,"Thôn Tân Hưng, Thành phố Buôn Ma Thuột, Buôn Ma Thuột, Việt Nam, 63123",10,1,10.0,10.0,10.0,10.0,10.0,0,0,0,0,0,0,0,1,0,497.008,492.188
Phuong Dung Hotel,"423 Lê Duẩn, P. Ea Tam, TP. Buôn Ma Thuột, ĐắkLắk, Trung tâm thành phố Buôn Ma Thuột, Buôn Ma Thuột, Việt Nam","8,5",42,9.0,8.8,8.9,8.2,9.0,0,0,0,0,1,0,1,1,1,Không có giá trước,Không có giá sau
Homestay Nhà Bên Suối (Homestay Nha Ben Suoi),"194 Tiến Cường, Trung tâm thành phố Buôn Ma Thuột, Buôn Ma Thuột, Việt Nam, 63900",Không có điểm đánh giá,Không có số nhận xét,Không có,Không có,Không có,Không có,Không có,0,0,0,0,0,0,0,1,1,Không có giá trước,757.353
"Nhà riêng m² 1 phòng ngủ, 2 phòng tắm riêng ở Thành phố Buôn Ma Thuột (Natural Garden BMT)","Trung tâm thành phố Buôn Ma Thuột, Buôn Ma Thuột, Việt Nam",Không có điểm đánh giá,Không có số nhận xét,Không có,Không có,Không có,Không có,Không có,1,0,0,0,0,0,0,1,0,Không có giá trước,Không có giá sau
"Nhà trệt 100 m² 1 phòng ngủ, 1 phòng tắm riêng ở Trung tâm thành phố Buôn Ma Thuột (AN NHIEN GARDEN)","Trung tâm thành phố Buôn Ma Thuột, Buôn Ma Thuột, Việt Nam",Không có điểm đánh giá,Không có số nhận xét,Không có,Không có,Không có,Không có,Không có,1,0,0,1,0,0,0,0,1,4.628.589,2.771.726
DuGiang Homestay,"Hòa Thắng, Buôn Ma Thuột, Việt Nam","9,3",32,9.3,9.9,9.2,8.8,9.4,0,0,0,0,0,0,0,1,0,Không có giá trước,694.444
ribin's home,"Buôn Buôr, Buôn Buôr, Việt Nam",Không có điểm đánh giá,Không có số nhận xét,Không có,Không có,Không có,Không có,Không có,1,0,0,0,0,0,0,1,0,Không có giá trước,1.415.441
Home&Coffee Minh Anh,", Buôn Huê, Ea Kao, Thành phố Buôn Ma Thuột, Buôn Ma Thuột, Việt Nam",Không có điểm đánh giá,Không có số nhận xét,Không có,Không có,Không có,Không có,Không có,0,0,0,0,0,0,1,1,1,1.157.186,862.251
"Nhà riêng 130 m² 2 phòng ngủ, 1 phòng tắm riêng ở Trung tâm thành phố Buôn Ma Thuột (Nguyên Căn Vip 3: Buôn Ma Thuột( homestayII))","Trung tâm thành phố Buôn Ma Thuột, Buôn Ma Thuột, Việt Nam",Không có điểm đánh giá,Không có số nhận xét,Không có,Không có,Không có,Không có,Không có,1,0,0,0,0,0,0,1,0,2.292.768,2.151.190
"Nhà riêng 45 m² 1 phòng ngủ, 1 phòng tắm riêng ở Trung tâm thành phố Buôn Ma Thuột (Suite 2: Phòng Có Bồn Tắm)","Trung tâm thành phố Buôn Ma Thuột, Buôn Ma Thuột, Việt Nam",Không có điểm đánh giá,Không có số nhận xét,Không có,Không có,Không có,Không có,Không có,1,0,0,0,0,0,0,1,0,1.049.383,964.771
"Căn hộ 650 m² 11 phòng ngủ, 11 phòng tắm riêng ở Hòa Thắng (Hoang Gia Motel)","Hòa Thắng, Buôn Ma Thuột, Việt Nam","2,8",1,4.0,2.0,4.0,2.0,2.0,1,0,0,1,0,0,0,0,0,342.936,296.108
Doi Ngoai Bien Phong SPA Hotel,"259A Phan Boi Chau, Tan Tien Ward, Hotel External Relations Border Defense City, Khách sạn Đối ngoại Biên phòng, Trung tâm thành phố Buôn Ma Thuột, Buôn Ma Thuột, Việt Nam, 63000",Không có điểm đánh giá,Không có số nhận xét,Không có,Không có,Không có,Không có,Không có,0,0,0,0,0,0,1,1,0,Không có giá trước,Không có giá sau
"Nhà mặt đất 2000 m² 3 phòng ngủ, 4 phòng tắm riêng ở Buôn Buôr (An 3 Homestay)","Trung tâm thành phố Buôn Ma Thuột, Buôn Ma Thuột, Việt Nam","5,1",2,2.0,4.0,8.0,6.0,6.0,1,0,0,1,0,0,0,1,0,47.031.157,44.126.983
"Căn hộ 2000 m² 1 phòng ngủ, 1 phòng tắm riêng ở Trung tâm thành phố Buôn Ma Thuột (HARMONY)","Hẻm 66 Nguyễn Công Trứ, Tự An, Trung tâm thành phố Buôn Ma Thuột, Buôn Ma Thuột, Việt Nam, 63000","9,3",8,10.0,8.0,8.7,9.3,7.3,1,1,0,1,0,0,0,1,1,Không có giá trước,1.111.111
"Căn hộ m² 1 phòng ngủ, 1 phòng tắm riêng ở Trung tâm thành phố Buôn Ma Thuột (Khách sạn đối ngoại biên phòng)","Trung tâm thành phố Buôn Ma Thuột, Buôn Ma Thuột, Việt Nam",Không có điểm đánh giá,Không có số nhận xét,Không có,Không có,Không có,Không có,Không có,0,0,0,0,0,0,0,0,0,800.653,442.886
"Nhà riêng 25 m² 1 phòng ngủ, 1 phòng tắm riêng ở Trung tâm thành phố Buôn Ma Thuột (Nhà Nghĩ Đức Huệ 2)","Trung tâm thành phố Buôn Ma Thuột, Buôn Ma Thuột, Việt Nam",Không có điểm đánh giá,Không có số nhận xét,Không có,Không có,Không có,Không có,Không có,0,0,0,0,0,0,0,0,0,Không có giá trước,427.018
"Nhà riêng 45 m² 1 phòng ngủ, 1 phòng tắm riêng ở Trung tâm thành phố Buôn Ma Thuột (Phòng 05- Ea H'leo (HomeStay Vườn Pháp II))","Trung tâm thành phố Buôn Ma Thuột, Buôn Ma Thuột, Việt Nam",Không có điểm đánh giá,Không có số nhận xét,Không có,Không có,Không có,Không có,Không có,0,0,0,0,0,0,0,1,0,859.788,776.191
"Căn hộ 300 m² 1 phòng ngủ, 1 phòng tắm riêng ở Hòa Thắng (Village homestay family garden )","Trung tâm thành phố Buôn Ma Thuột, Buôn Ma Thuột, Việt Nam",Không có điểm đánh giá,Không có số nhận xét,Không có,Không có,Không có,Không có,Không có,1,0,0,1,0,0,0,0,0,2.492.671,2.293.500
NUBA Homestay and Coffee Buôn Ma Thuột (NUBA Homestay and Coffee Buon Ma Thuot),"65 ĐT5, Trung tâm thành phố Buôn Ma Thuột, Buôn Ma Thuột, Việt Nam, 630000",Không có điểm đánh giá,Không có số nhận xét,Không có,Không có,Không có,Không có,Không có,1,0,0,0,1,0,1,1,1,Không có giá trước,725.225
Natural Garden BMT,"Trung tâm thành phố Buôn Ma Thuột, Buôn Ma Thuột, Việt Nam","9,3",2,8.8,10.0,10.0,7.5,10.0,0,0,0,1,0,0,0,1,0,Không có giá trước,568.634
"Bungalow 5000 m² 3 phòng ngủ, 3 phòng tắm riêng ở Trung tâm thành phố Buôn Ma Thuột (An 6 Homestay Buon Ma Thuot)","Trung tâm thành phố Buôn Ma Thuột, Buôn Ma Thuột, Việt Nam","4,0",1,2.0,8.0,6.0,2.0,2.0,1,0,0,1,0,0,0,1,0,58.788.949,55.158.731
Ban Urban House,"22 Trần Nhật Duật, Trung tâm thành phố Buôn Ma Thuột, Buôn Ma Thuột, Việt Nam",Không có điểm đánh giá,Không có số nhận xét,Không có,Không có,Không có,Không có,Không có,0,0,0,0,0,0,0,1,1,Không có giá trước,Không có giá sau
Sao Khue Hotel,"24 Ngô Quyền, Trung tâm thành phố Buôn Ma Thuột, Buôn Ma Thuột, Việt Nam, 63100",Không có điểm đánh giá,Không có số nhận xét,Không có,Không có,Không có,Không có,Không có,0,0,0,0,0,0,0,1,1,Không có giá trước,513.463
"Nhà riêng 120 m² 2 phòng ngủ, 1 phòng tắm riêng ở Trung tâm thành phố Buôn Ma Thuột (Nguyên Căn Vip 1: Buôn Đôn (Homestay Vườn Pháp 2))","Trung tâm thành phố Buôn Ma Thuột, Buôn Ma Thuột, Việt Nam",Không có điểm đánh giá,Không có số nhận xét,Không có,Không có,Không có,Không có,Không có,1,0,0,0,0,0,0,1,0,2.063.492,1.936.071
Homestay Lưng Đồi (Homestay Lung Đoi),"Nguyễn Hữu Thấu, Trung tâm thành phố Buôn Ma Thuột, Buôn Ma Thuột, Việt Nam",10,3,10.0,10.0,10.0,10.0,10.0,0,0,0,1,0,0,0,1,1,854.584,787.037
"Nhà mặt đất 136 m² 2 phòng ngủ, 1 phòng tắm riêng ở Trung tâm thành phố Buôn Ma Thuột (An Homestay)","Trung tâm thành phố Buôn Ma Thuột, Buôn Ma Thuột, Việt Nam","8,8",2,9.0,9.0,9.0,8.0,9.0,1,0,0,1,0,0,0,1,0,44.091.711,41.369.048
"Nhà riêng 40 m² 1 phòng ngủ, 1 phòng tắm riêng ở Trung tâm thành phố Buôn Ma Thuột (phòng 09-Krông Bông(homestay VuonPhapII))","Trung tâm thành phố Buôn Ma Thuột, Buôn Ma Thuột, Việt Nam","8,6",2,8.0,8.0,9.0,9.0,9.0,1,0,0,0,0,0,0,1,0,974.427,879.683
Cherry homestay phòng đôi lớn (Cherry homestay phong đoi lon),"73 Đường A4, Trung tâm thành phố Buôn Ma Thuột, Buôn Ma Thuột, Việt Nam, 630000",Không có điểm đánh giá,Không có số nhận xét,Không có,Không có,Không có,Không có,Không có,0,1,0,0,0,0,0,1,1,1.006.766,925.926
"Nhà riêng 80 m² 2 phòng ngủ, 2 phòng tắm riêng ở Trung tâm thành phố Buôn Ma Thuột (Suite 4: -2 Phòng Ngủ Có Toilet)","Trung tâm thành phố Buôn Ma Thuột, Buôn Ma Thuột, Việt Nam","4,0",1,4.0,6.0,2.0,Không có,4.0,1,0,0,0,0,0,0,1,0,Không có giá trước,1.752.037
"Nhà riêng 90 m² 2 phòng ngủ, 2 phòng tắm riêng ở Trung tâm thành phố Buôn Ma Thuột (Suite 3: Hai Phòng Ngủ Có Bếp Và Bồn Tắm)","Trung tâm thành phố Buôn Ma Thuột, Buôn Ma Thuột, Việt Nam","4,8",1,6.0,4.0,6.0,4.0,4.0,1,0,0,0,0,0,0,1,0,Không có giá trước,2.247.704
"Nhà riêng 300 m² 3 phòng ngủ, 2 phòng tắm riêng ở Hòa Thắng (Village homestay family garden )","Trung tâm thành phố Buôn Ma Thuột, Buôn Ma Thuột, Việt Nam",Không có điểm đánh giá,Không có số nhận xét,Không có,Không có,Không có,Không có,Không có,1,0,0,1,0,0,0,0,0,2.492.671,2.293.500
Buon'S garden,"Buôn Kao,Ea Kao , Thành Phố Buôn Mê Thuột, Đắk Lắk, Thành phố Buôn Ma Thuột, Buôn Ma Thuột, Việt Nam","9,5",1,7.5,10.0,10.0,10.0,10.0,1,0,0,0,0,0,0,1,1,1.091.595,937.500
DIEM DU LICH NONG TRAI SINH THAI DAO XANH ECOFARM,"Th n Quỳnh Ngọc 1, X Ea Na, Huyện Kr ng Ana, Tỉnh Dắk Lắk, Việt Nam., Huyện Lắk, Buôn Ma Thuột, Việt Nam, 630000",Không có điểm đánh giá,Không có số nhận xét,Không có,Không có,Không có,Không có,Không có,1,1,0,0,1,0,0,1,1,1.600.000,724.421
Nhà Trong Phố - Moon House (Nha Trong Pho - Moon House),"45 Phan Phu Tien, Trung tâm thành phố Buôn Ma Thuột, Buôn Ma Thuột, Việt Nam, 630000","8,7",13,8.2,9.0,8.8,9.0,8.7,0,0,0,0,0,0,1,1,1,Không có giá trước,803.525
THE LAND OF LOVE Homestay - Venuestay,"Trung tâm thành phố Buôn Ma Thuột, Buôn Ma Thuột, Việt Nam",Không có điểm đánh giá,Không có số nhận xét,Không có,Không có,Không có,Không có,Không có,1,0,0,0,0,0,0,0,0,Không có giá trước,5.514.706
"Nhà riêng 82 m² 1 phòng ngủ, 2 phòng tắm riêng ở Trung tâm thành phố Buôn Ma Thuột (Dorm Giường Tầng Cho 8-10 Người Có Toilet Riêng)","Trung tâm thành phố Buôn Ma Thuột, Buôn Ma Thuột, Việt Nam","7,0",2,7.0,7.0,7.0,7.0,7.0,1,0,0,0,0,0,0,1,0,Không có giá trước,2.058.074
CochinChine Jardin,"Huyện Lắk, Buôn Ma Thuột, Việt Nam",Không có điểm đánh giá,Không có số nhận xét,Không có,Không có,Không có,Không có,Không có,1,0,0,1,0,0,0,0,0,Không có giá trước,2.757.353
"Nhà riêng 40 m² 1 phòng ngủ, 1 phòng tắm riêng ở Trung tâm thành phố Buôn Ma Thuột (Phong Family Hồ EaKao(homestay Vuon PhapI))","Trung tâm thành phố Buôn Ma Thuột, Buôn Ma Thuột, Việt Nam","8,4",2,9.0,9.0,9.0,7.0,8.0,0,0,0,0,0,0,0,1,1,Không có giá trước,962.296
Palme villa - Venuestay,"Trung tâm thành phố Buôn Ma Thuột, Buôn Ma Thuột, Việt Nam","9,5",1,7.5,10.0,10.0,10.0,10.0,1,0,0,0,0,0,0,0,0,Không có giá trước,5.227.778
"Nhà riêng 45 m² 1 phòng ngủ, 1 phòng tắm riêng ở Hòa Thắng (Xóm Sình Homestay & Farmstay Buôn Ma Thuột Đắk Lắk)","Hòa Thắng, Buôn Ma Thuột, Việt Nam",Không có điểm đánh giá,Không có số nhận xét,Không có,Không có,Không có,Không có,Không có,1,0,0,0,0,0,0,1,0,1.400.000,746.736
Ban Urban House,"22 Trần Nhật Duật, Trung tâm thành phố Buôn Ma Thuột, Buôn Ma Thuột, Việt Nam",Không có điểm đánh giá,Không có số nhận xét,Không có,Không có,Không có,Không có,Không có,0,0,0,0,0,0,0,1,1,Không có giá trước,Không có giá sau
"Nhà riêng m² 6 phòng ngủ, 1 phòng tắm riêng ở Buôn Buôr (Nghĩ dưỡng, chữa lành, thiên nhiên )","Buôn Buôr, Buôn Buôr, Việt Nam",Không có điểm đánh giá,Không có số nhận xét,Không có,Không có,Không có,Không có,Không có,1,0,0,0,0,0,0,0,0,Không có giá trước,Không có giá sau
Nhà mặt đất studio 30 m² có 1 phòng tắm riêng ở Trung tâm thành phố Buôn Ma Thuột (Phòng 08- Krong Ana (HomeStay Vườn Pháp II)),"Trung tâm thành phố Buôn Ma Thuột, Buôn Ma Thuột, Việt Nam",10,1,10.0,10.0,10.0,Không có,10.0,1,0,0,0,0,0,0,1,0,Không có giá trước,Không có giá sau
"Nhà riêng 190 m² 4 phòng ngủ, 4 phòng tắm riêng ở Trung tâm thành phố Buôn Ma Thuột (Suite 5: Bốn Phòng Ngủ Có Phòng Xông Hơi)","Trung tâm thành phố Buôn Ma Thuột, Buôn Ma Thuột, Việt Nam","5,9",3,4.0,6.0,4.0,4.0,4.0,1,0,0,0,0,0,0,1,0,Không có giá trước,Không có giá sau
Nhà May Mắn Krông Nô - Đăk Nông (Nha May Man Krong No - Đak Nong),"Thôn Đức Lập - Xã Đắk Sor - Huyện Krong Nor, Hòa Thắng, Buôn Ma Thuột, Việt Nam","7,7",5,6.7,7.5,6.7,6.7,6.7,0,0,0,1,1,0,1,1,1,Không có giá trước,Không có giá sau
"Căn hộ 2220 m² 1 phòng ngủ, 1 phòng tắm riêng ở Trung tâm thành phố Buôn Ma Thuột (Phòng 10-Krông Búk( homestay Vuon Phap 2))","Trung tâm thành phố Buôn Ma Thuột, Buôn Ma Thuột, Việt Nam","7,2",1,8.0,8.0,8.0,6.0,6.0,1,0,0,0,0,0,0,1,0,Không có giá trước,Không có giá sau
"Nhà mặt đất 20 m² 1 phòng ngủ, 1 phòng tắm riêng ở Trung tâm thành phố Buôn Ma Thuột (HGFHGFHGFHGJGF)","Trung tâm thành phố Buôn Ma Thuột, Buôn Ma Thuột, Việt Nam",Không có điểm đánh giá,Không có số nhận xét,Không có,Không có,Không có,Không có,Không có,0,0,0,0,0,0,0,1,0,Không có giá trước,Không có giá sau
"Nhà riêng 40 m² 1 phòng ngủ, 1 phòng tắm riêng ở Hòa Thắng (Dancasa Sunset Bungalow)","Hòa Thắng, Buôn Ma Thuột, Việt Nam",Không có điểm đánh giá,Không có số nhận xét,Không có,Không có,Không có,Không có,Không có,1,0,0,0,0,0,0,0,0,Không có giá trước,Không có giá sau
TRƯỜNG NGỌC HOTEL,"33 Tú Xương, Tân Lợi, Trung tâm thành phố Buôn Ma Thuột, Buôn Ma Thuột, Việt Nam",Không có điểm đánh giá,Không có số nhận xét,Không có,Không có,Không có,Không có,Không có,1,0,0,0,0,0,1,1,1,Không có giá trước,427.778
Nhà vườn Ban Mê (Nha vuon Ban Me),"Trung tâm thành phố Buôn Ma Thuột, Buôn Ma Thuột, Việt Nam",Không có điểm đánh giá,Không có số nhận xét,Không có,Không có,Không có,Không có,Không có,1,0,0,1,0,0,0,0,0,Không có giá trước,555.556
Huyen Nga Hotel,"217/4 Ngo Quyen, Trung tâm thành phố Buôn Ma Thuột, Buôn Ma Thuột, Việt Nam, 63000","8,0",74,8.3,8.2,8.1,8.2,8.2,0,0,0,0,1,0,1,1,1,Không có giá trước,Không có giá sau
Cọ Cùn homestay/Handmade/Artwork (Co Cun homestay/Handmade/Artwork),"11 Hồ Tùng Mậu, Trung tâm thành phố Buôn Ma Thuột, Buôn Ma Thuột, Việt Nam","9,2",26,9.3,9.4,9.3,8.7,9.1,1,0,0,0,0,0,0,1,1,Không có giá trước,407.407
"Nhà riêng 35 m² 1 phòng ngủ, 1 phòng tắm riêng ở Hòa Thắng (Xóm Sình Homestay & Farmstay Buôn Ma Thuột Đắk Lắk)","Hòa Thắng, Buôn Ma Thuột, Việt Nam",Không có điểm đánh giá,Không có số nhận xét,Không có,Không có,Không có,Không có,Không có,1,0,0,0,0,0,0,1,0,1.207.085,693.397
"Nhà riêng 40 m² 1 phòng ngủ, 1 phòng tắm riêng ở Trung tâm thành phố Buôn Ma Thuột (Family Room 1: Phòng Có Toilet Riêng)","Trung tâm thành phố Buôn Ma Thuột, Buôn Ma Thuột, Việt Nam",10,1,10.0,10.0,10.0,10.0,10.0,1,0,0,0,0,0,0,1,0,Không có giá trước,501.146
village homestay family garden,"Trung tâm thành phố Buôn Ma Thuột, Buôn Ma Thuột, Việt Nam",Không có điểm đánh giá,Không có số nhận xét,Không có,Không có,Không có,Không có,Không có,0,0,0,0,0,0,0,1,0,2.243.714,2.061.833
"Biệt thự 200 m² 2 phòng ngủ, 2 phòng tắm riêng ở Hòa Thắng (An Nhien Farm)","Đ. Mậu Thân, Ea Tu, Trung tâm thành phố Buôn Ma Thuột, Buôn Ma Thuột, Việt Nam","5,4",2,6.3,6.3,5.0,5.0,5.0,1,0,0,0,0,0,0,1,1,5.000.000,4.348.898
Villa 1985,"Trung tâm thành phố Buôn Ma Thuột, Buôn Ma Thuột, Việt Nam",Không có điểm đánh giá,Không có số nhận xét,Không có,Không có,Không có,Không có,Không có,1,0,0,1,0,0,0,1,0,Không có giá trước,909.926
"Nhà trệt 2000 m² 3 phòng ngủ, 2 phòng tắm riêng ở Hòa Thắng (Tâm An Lakeview House)","Hòa Thắng, Buôn Ma Thuột, Việt Nam","9,0",2,9.0,9.0,9.0,9.0,9.0,1,0,0,1,0,0,0,1,0,Không có giá trước,1.580.976
"Biệt thự 680 m² 3 phòng ngủ, 3 phòng tắm riêng ở Thành phố Buôn Ma Thuột (Villa Brisa Tropical BMT)","Thành phố Buôn Ma Thuột, Buôn Ma Thuột, Việt Nam",Không có điểm đánh giá,Không có số nhận xét,Không có,Không có,Không có,Không có,Không có,1,0,0,0,0,0,0,0,0,8.000.000,4.404.228
Hizo Garden Resort,"Thôn 9, Xã EaBar, huyện Buôn Đôn, Trung tâm thành phố Buôn Ma Thuột, Buôn Ma Thuột, Việt Nam, 63000",Không có điểm đánh giá,Không có số nhận xét,Không có,Không có,Không có,Không có,Không có,1,1,1,0,0,0,1,1,1,649.449,606.961
S Phuot Ban Me Homestay,"39A Khu dân cư 560 Lê Duẩn, Phường Ea Tam, Trung tâm thành phố Buôn Ma Thuột, Buôn Ma Thuột, Việt Nam","8,5",28,8.9,9.3,9.3,8.6,8.8,1,0,0,1,0,0,1,1,1,Không có giá trước,Không có giá sau
Nhà Nghỉ Hoàng Trang Hồ Ekao (Nha Nghi Hoang Trang Ho Ekao),"Nhà Nghỉ Hoàng Trang 9, Thành phố Buôn Ma Thuột, Buôn Ma Thuột, Việt Nam",Không có điểm đánh giá,Không có số nhận xét,Không có,Không có,Không có,Không có,Không có,0,0,0,1,0,0,0,1,1,Không có giá trước,211.397
Sao Khuê Hotel 1,"No. 24, Ngo Quyen, Buon Ma Thuot, Vietnam, Trung tâm thành phố Buôn Ma Thuột, Buôn Ma Thuột, Việt Nam","7,3",3,10.0,8.0,8.0,8.0,8.0,0,0,0,0,0,0,1,1,1,1.578.326,393.087
"Nhà riêng 42 m² 1 phòng ngủ, 1 phòng tắm riêng ở Trung tâm thành phố Buôn Ma Thuột (Family Room 2: Phòng Có Toilet Riêng)","Trung tâm thành phố Buôn Ma Thuột, Buôn Ma Thuột, Việt Nam",Không có điểm đánh giá,Không có số nhận xét,Không có,Không có,Không có,Không có,Không có,1,0,0,0,0,0,0,0,0,Không có giá trước,693.834
"Nhà riêng 92 m² 3 phòng ngủ, 3 phòng tắm riêng ở Trung tâm thành phố Buôn Ma Thuột (Suite 1: 3 Phòng Ngủ Có Bồn Tắm)","Trung tâm thành phố Buôn Ma Thuột, Buôn Ma Thuột, Việt Nam",Không có điểm đánh giá,Không có số nhận xét,Không có,Không có,Không có,Không có,Không có,1,0,0,0,0,0,0,1,0,Không có giá trước,2.247.704
Villa 1985,"Trung tâm thành phố Buôn Ma Thuột, Buôn Ma Thuột, Việt Nam",Không có điểm đánh giá,Không có số nhận xét,Không có,Không có,Không có,Không có,Không có,0,0,0,1,0,0,0,0,1,873.016,796.863
"Căn hộ 25 m² 1 phòng ngủ, 1 phòng tắm riêng ở Trung tâm thành phố Buôn Ma Thuột (Romantic)","Trung tâm thành phố Buôn Ma Thuột, Buôn Ma Thuột, Việt Nam",10,1,10.0,10.0,10.0,10.0,10.0,1,0,0,0,0,0,0,0,0,Không có giá trước,796.093
"Nhà trệt 80 m² 1 phòng ngủ, 1 phòng tắm riêng ở Trung tâm thành phố Buôn Ma Thuột (Nhà sàn)","Trung tâm thành phố Buôn Ma Thuột, Buôn Ma Thuột, Việt Nam",Không có điểm đánh giá,Không có số nhận xét,Không có,Không có,Không có,Không có,Không có,0,0,0,0,0,0,0,0,0,570.825,312.575
"Căn hộ m² 1 phòng ngủ, 1 phòng tắm riêng ở Trung tâm thành phố Buôn Ma Thuột (Khách sạn Đối Ngoại Biên Phòng )","Trung tâm thành phố Buôn Ma Thuột, Buôn Ma Thuột, Việt Nam",Không có điểm đánh giá,Không có số nhận xét,Không có,Không có,Không có,Không có,Không có,0,0,0,0,0,0,0,0,0,558.984,306.091
"Nhà trệt 300 m² 3 phòng ngủ, 2 phòng tắm riêng ở Hòa Thắng (Village homestay family garden )","Trung tâm thành phố Buôn Ma Thuột, Buôn Ma Thuột, Việt Nam","5,6",2,6.0,4.0,6.0,4.0,6.0,1,0,0,1,0,0,0,0,0,3.037.160,2.794.483
Khách Sạn Nam Nguyên (Khach San Nam Nguyen),"30 Trần Quang Khải, Trung tâm thành phố Buôn Ma Thuột, Buôn Ma Thuột, Việt Nam",Không có điểm đánh giá,Không có số nhận xét,Không có,Không có,Không có,Không có,Không có,0,0,0,0,0,0,0,1,1,Không có giá trước,Không có giá sau
Cherry homestay bmt phòng đôi gia đình (Cherry homestay bmt phong đoi gia đinh),"75 Đường A4, Trung tâm thành phố Buôn Ma Thuột, Buôn Ma Thuột, Việt Nam, 630000",Không có điểm đánh giá,Không có số nhận xét,Không có,Không có,Không có,Không có,Không có,1,1,0,0,0,0,0,1,0,Không có giá trước,925.926
NUBA Homestay & Coffee Buôn Ma Thuột,"65/25 Tinh lo 5, Pham Ngu Lao noi dai, Trung tâm thành phố Buôn Ma Thuột, Buôn Ma Thuột, Việt Nam, 630000",Không có điểm đánh giá,Không có số nhận xét,Không có,Không có,Không có,Không có,Không có,1,1,0,0,1,0,1,1,1,1.146.101,791.943
"Nhà riêng 30 m² 1 phòng ngủ, 2 phòng tắm riêng ở Trung tâm thành phố Buôn Ma Thuột (Homestay Buôn Ma Thuột Xóm Rau)","Trung tâm thành phố Buôn Ma Thuột, Buôn Ma Thuột, Việt Nam",Không có điểm đánh giá,Không có số nhận xét,Không có,Không có,Không có,Không có,Không có,0,0,0,1,0,0,0,1,0,Không có giá trước,518.607
"Nhà riêng 200 m² 2 phòng ngủ, 1 phòng tắm riêng ở Trung tâm thành phố Buôn Ma Thuột (Nguyen Can Hồ Lak (homestay VuonPhapI))","Trung tâm thành phố Buôn Ma Thuột, Buôn Ma Thuột, Việt Nam",Không có điểm đánh giá,Không có số nhận xét,Không có,Không có,Không có,Không có,Không có,1,0,0,0,0,0,0,1,1,1.322.751,1.218.479
binri 's home,"Buôn Buôr, Buôn Buôr, Việt Nam",Không có điểm đánh giá,Không có số nhận xét,Không có,Không có,Không có,Không có,Không có,1,0,0,0,0,0,0,0,0,Không có giá trước,1.272.727
"Nhà riêng 35 m² 1 phòng ngủ, 1 phòng tắm riêng ở Hòa Thắng (Dancasa Garden Bungalow)","Hòa Thắng, Buôn Ma Thuột, Việt Nam",Không có điểm đánh giá,Không có số nhận xét,Không có,Không có,Không có,Không có,Không có,1,0,0,0,0,0,0,1,0,Không có giá trước,905.526
